"","CÓDIGO MONTE SENDAS","Nº PARCELA","CÓDIGO ESPECIE","HD","DS1","DS2","DI1","DI2","DN1","DN2","COR1","COR2","LR1","NR","DR1","CRE1","CRE2","HT","HF","DCO1","DCO2","DN"
"7",112,409,32,NA,NA,NA,NA,NA,30,29,NA,NA,NA,NA,NA,NA,NA,11,8,5.8,6.3,29.5
"8",112,410,32,NA,NA,NA,NA,NA,9,9,NA,NA,NA,NA,NA,NA,NA,5,2,3.6,3.1,9
"11",112,422,32,NA,NA,NA,NA,NA,23,21,NA,NA,NA,NA,NA,NA,NA,10,2,5.1,3.5,22
"12",112,422,32,NA,NA,NA,NA,NA,25,25,NA,NA,NA,NA,NA,NA,NA,5,1,5.5,4,25
"13",112,423,32,NA,NA,NA,NA,NA,30,30,NA,NA,NA,NA,NA,NA,NA,12,4,6,6,30
"14",112,423,32,NA,NA,NA,NA,NA,25,25,NA,NA,NA,NA,NA,NA,NA,7.5,1.5,5,4.5,25
"17",112,438,32,NA,NA,NA,NA,NA,17,17,NA,NA,NA,NA,NA,NA,NA,6,2.5,3.9,3.6,17
"91",112,146,32,NA,NA,NA,NA,NA,8,8,NA,NA,NA,NA,NA,NA,NA,3,1.4,3,3.1,8
"139",112,136,32,NA,NA,NA,NA,NA,14,13,NA,NA,NA,NA,NA,NA,NA,6.5,1,4.3,4.4,13.5
"141",112,234,32,NA,NA,NA,NA,NA,22,21,NA,NA,NA,NA,NA,NA,NA,6.5,0.5,4.9,4.1,21.5
"142",112,408,32,NA,NA,NA,NA,NA,13,12,NA,NA,NA,NA,NA,NA,NA,8.5,3,3.9,3.4,12.5
"143",112,430,32,NA,NA,NA,NA,NA,16,17,NA,NA,NA,NA,NA,NA,NA,8,3,4.3,3.3,16.5
"144",112,430,32,NA,NA,NA,NA,NA,9,9,NA,NA,NA,NA,NA,NA,NA,5,2,2.4,2.3,9
"145",112,432,32,NA,NA,NA,NA,NA,13,13,NA,NA,NA,NA,NA,NA,NA,4.5,1,5.4,5.4,13
"146",112,433,32,NA,NA,NA,NA,NA,10,9,NA,NA,NA,NA,NA,NA,NA,5.5,1.5,3.9,3.7,9.5
"147",112,435,32,NA,NA,NA,NA,NA,13,14,NA,NA,NA,NA,NA,NA,NA,6,3.5,3.2,3.2,13.5
"148",112,435,32,NA,NA,NA,NA,NA,14,15,NA,NA,NA,NA,NA,NA,NA,6.5,1,3.6,4.5,14.5
"149",112,435,32,NA,NA,NA,NA,NA,12,12,NA,NA,NA,NA,NA,NA,NA,8,4,2.7,2.2,12
"150",112,443,32,NA,NA,NA,NA,NA,48,47,NA,NA,NA,NA,NA,NA,NA,9.5,0.5,7.2,6.8,47.5
"151",112,447,32,NA,NA,NA,NA,NA,8,8,NA,NA,NA,NA,NA,NA,NA,5.5,4,1.9,1.8,8
"152",112,456,32,NA,NA,NA,NA,NA,13,13,NA,NA,NA,NA,NA,NA,NA,5,0.5,3.8,3.9,13
"153",112,456,32,NA,NA,NA,NA,NA,8,8,NA,NA,NA,NA,NA,NA,NA,5,3.5,2.3,2.4,8
"154",112,456,32,NA,NA,NA,NA,NA,12,11,NA,NA,NA,NA,NA,NA,NA,5.5,1.3,2.9,3.8,11.5
"163",112,169,32,NA,NA,NA,NA,NA,9,9,NA,NA,NA,NA,NA,NA,NA,5,NA,3.9,3.3,9
"166",112,175,32,NA,NA,NA,NA,NA,11,11,NA,NA,NA,NA,NA,NA,NA,8.5,6,1.9,3,11
"167",112,175,32,NA,NA,NA,NA,NA,45,46,NA,NA,NA,NA,NA,NA,NA,12,2,5.8,7.4,45.5
"168",112,180,32,NA,NA,NA,NA,NA,16,15,NA,NA,NA,NA,NA,NA,NA,6,NA,4.3,5.6,15.5
"169",112,180,32,NA,NA,NA,NA,NA,12,12,NA,NA,NA,NA,NA,NA,NA,4.5,NA,3.4,4.2,12
"171",112,182,32,NA,NA,NA,NA,NA,42,40,NA,NA,NA,NA,NA,NA,NA,6,0.5,5.6,6.4,41
"173",112,186,32,NA,NA,NA,NA,NA,10,10,NA,NA,NA,NA,NA,NA,NA,8,5,2,1.8,10
"174",112,190,32,NA,NA,NA,NA,NA,14,13,NA,NA,NA,NA,NA,NA,NA,5.5,2,4.3,3.9,13.5
"175",112,191,32,NA,NA,NA,NA,NA,13,13,NA,NA,NA,NA,NA,NA,NA,7,1.3,2.5,2.5,13
"176",112,193,32,NA,NA,NA,NA,NA,54,57,NA,NA,NA,NA,NA,NA,NA,9,2.5,9,8.5,55.5
"177",112,195,32,NA,NA,NA,NA,NA,31,37,NA,NA,NA,NA,NA,NA,NA,11.5,2.5,8.6,7.5,34
"178",112,197,32,NA,NA,NA,NA,NA,11,11,NA,NA,NA,NA,NA,NA,NA,4.5,NA,2.4,3.5,11
"179",112,198,32,NA,NA,NA,NA,NA,12,12,NA,NA,NA,NA,NA,NA,NA,7,1.8,3.1,3.3,12
"180",112,200,32,NA,NA,NA,NA,NA,22,21,NA,NA,NA,NA,NA,NA,NA,6,3,2.3,3.2,21.5
"181",112,201,32,NA,NA,NA,NA,NA,17,17,NA,NA,NA,NA,NA,NA,NA,5.5,1.3,4.1,4.4,17
"183",112,204,32,NA,NA,NA,NA,NA,10,10,NA,NA,NA,NA,NA,NA,NA,4,1.5,2.9,2.8,10
"184",112,204,32,NA,NA,NA,NA,NA,10,10,NA,NA,NA,NA,NA,NA,NA,5.5,0.1,3.4,3.5,10
"185",112,205,32,NA,NA,NA,NA,NA,9,10,NA,NA,NA,NA,NA,NA,NA,5,1.5,2.7,3.8,9.5
"186",112,207,32,NA,NA,NA,NA,NA,73,0,NA,NA,NA,NA,NA,NA,NA,13.5,1.7,13.8,13,36.5
"187",112,208,32,NA,NA,NA,NA,NA,38,41,NA,NA,NA,NA,NA,NA,NA,11.5,1.8,6.4,6.6,39.5
"188",112,209,32,NA,NA,NA,NA,NA,52,55,NA,NA,NA,NA,NA,NA,NA,16,3,9.1,7.5,53.5
"189",112,209,32,NA,NA,NA,NA,NA,41,41,NA,NA,NA,NA,NA,NA,NA,15.5,6.5,6,5.7,41
"190",112,210,32,NA,NA,NA,NA,NA,30,30,NA,NA,NA,NA,NA,NA,NA,7,3.5,6.3,4.9,30
"191",112,211,32,NA,NA,NA,NA,NA,18,18,NA,NA,NA,NA,NA,NA,NA,7.5,3.5,3.8,3.1,18
"193",112,211,32,NA,NA,NA,NA,NA,48,44,NA,NA,NA,NA,NA,NA,NA,10.5,4,6.9,8.3,46
"194",112,212,32,NA,NA,NA,NA,NA,9,8,NA,NA,NA,NA,NA,NA,NA,3.5,0.5,1.7,1.8,8.5
"195",112,212,32,NA,NA,NA,NA,NA,12,12,NA,NA,NA,NA,NA,NA,NA,6,2.5,3,3.7,12
"196",112,213,32,NA,NA,NA,NA,NA,13,14,NA,NA,NA,NA,NA,NA,NA,4.5,1,3.1,4.7,13.5
"197",112,213,32,NA,NA,NA,NA,NA,15,14,NA,NA,NA,NA,NA,NA,NA,5,0.5,4.2,5.4,14.5
"198",112,215,32,NA,NA,NA,NA,NA,10,10,NA,NA,NA,NA,NA,NA,NA,3,0.5,3.7,3.7,10
"199",112,216,32,NA,NA,NA,NA,NA,9,10,NA,NA,NA,NA,NA,NA,NA,4,0.5,3.2,3.6,9.5
"200",112,220,32,NA,NA,NA,NA,NA,8,8,NA,NA,NA,NA,NA,NA,NA,3,NA,2,2.9,8
"201",112,220,32,NA,NA,NA,NA,NA,23,21,NA,NA,NA,NA,NA,NA,NA,7.5,2,4.2,5.2,22
"207",112,227,32,NA,NA,NA,NA,NA,9,9,NA,NA,NA,NA,NA,NA,NA,5.5,1.7,2.8,2.5,9
"208",112,229,32,NA,NA,NA,NA,NA,12,12,NA,NA,NA,NA,NA,NA,NA,4,0.8,3.5,3.7,12
"209",112,230,32,NA,NA,NA,NA,NA,9,10,NA,NA,NA,NA,NA,NA,NA,3.5,0.5,3.6,2.9,9.5
"210",112,230,32,NA,NA,NA,NA,NA,54,53,NA,NA,NA,NA,NA,NA,NA,12,4,6.2,4.1,53.5
"211",112,231,32,NA,NA,NA,NA,NA,12,11,NA,NA,NA,NA,NA,NA,NA,5,0.5,3.1,3.4,11.5
"212",112,231,32,NA,NA,NA,NA,NA,58,58,NA,NA,NA,NA,NA,NA,NA,12.5,1.5,9.3,9.8,58
"213",112,232,32,NA,NA,NA,NA,NA,41,40,NA,NA,NA,NA,NA,NA,NA,11.5,2.5,6.8,5.5,40.5
"214",112,232,32,NA,NA,NA,NA,NA,45,45,NA,NA,NA,NA,NA,NA,NA,13,2,6.2,6.3,45
"215",112,235,32,NA,NA,NA,NA,NA,11,11,NA,NA,NA,NA,NA,NA,NA,3,0.5,2.8,3.1,11
"216",112,240,32,NA,NA,NA,NA,NA,30,31,NA,NA,NA,NA,NA,NA,NA,7,2,6,5.1,30.5
"217",112,243,32,NA,NA,NA,NA,NA,15,15,NA,NA,NA,NA,NA,NA,NA,10,3,3.2,3.7,15
"218",112,243,32,NA,NA,NA,NA,NA,20,19,NA,NA,NA,NA,NA,NA,NA,11,6,3.7,2.8,19.5
"221",112,250,32,NA,NA,NA,NA,NA,12,11,NA,NA,NA,NA,NA,NA,NA,4,NA,2.7,2.4,11.5
"222",112,251,32,NA,NA,NA,NA,NA,43,46,NA,NA,NA,NA,NA,NA,NA,8.5,0.5,8.8,4.8,44.5
"223",112,252,32,NA,NA,NA,NA,NA,58,66,NA,NA,NA,NA,NA,NA,NA,9.5,2,10.9,9.9,62
"224",112,258,32,NA,NA,NA,NA,NA,26,26,NA,NA,NA,NA,NA,NA,NA,8,NA,3.9,4,26
"225",112,259,32,NA,NA,NA,NA,NA,18,17,NA,NA,NA,NA,NA,NA,NA,5,0.5,4.4,3.9,17.5
"226",112,259,32,NA,NA,NA,NA,NA,27,25,NA,NA,NA,NA,NA,NA,NA,5,2,2.9,4.7,26
"227",112,262,32,NA,NA,NA,NA,NA,21,20,NA,NA,NA,NA,NA,NA,NA,9.5,4.5,5.8,6.1,20.5
"228",112,263,32,NA,NA,NA,NA,NA,10,10,NA,NA,NA,NA,NA,NA,NA,3.5,0.4,3.1,3,10
"229",112,263,32,NA,NA,NA,NA,NA,15,14,NA,NA,NA,NA,NA,NA,NA,9,0.4,3.2,3.6,14.5
"230",112,265,32,NA,NA,NA,NA,NA,17,17,NA,NA,NA,NA,NA,NA,NA,7,1.5,5.3,5,17
"231",112,266,32,NA,NA,NA,NA,NA,44,49,NA,NA,NA,NA,NA,NA,NA,11,2,6.4,7.3,46.5
"232",112,270,32,NA,NA,NA,NA,NA,42,43,NA,NA,NA,NA,NA,NA,NA,12.5,1.5,8,6.1,42.5
"233",112,277,32,NA,NA,NA,NA,NA,60,55,NA,NA,NA,NA,NA,NA,NA,7,1.2,8.2,8.3,57.5
"234",112,277,32,NA,NA,NA,NA,NA,36,37,NA,NA,NA,NA,NA,NA,NA,3,0.5,7.6,6.6,36.5
"235",112,278,32,NA,NA,NA,NA,NA,8,8,NA,NA,NA,NA,NA,NA,NA,3.5,1.7,1.8,2.4,8
"236",112,278,32,NA,NA,NA,NA,NA,47,62,NA,NA,NA,NA,NA,NA,NA,12,1.5,7,6.5,54.5
"237",112,279,32,NA,NA,NA,NA,NA,8,8,NA,NA,NA,NA,NA,NA,NA,3.5,0.5,2.1,2,8
"240",112,283,32,NA,NA,NA,NA,NA,13,13,NA,NA,NA,NA,NA,NA,NA,4.5,1,4.4,3.8,13
"242",112,285,32,NA,NA,NA,NA,NA,8,8,NA,NA,NA,NA,NA,NA,NA,5.5,3,2.6,2.9,8
"243",112,286,32,NA,NA,NA,NA,NA,23,23,NA,NA,NA,NA,NA,NA,NA,6,1.3,4.5,4.6,23
"244",112,286,32,NA,NA,NA,NA,NA,17,16,NA,NA,NA,NA,NA,NA,NA,5,0.3,4,4,16.5
"245",112,287,32,NA,NA,NA,NA,NA,22,27,NA,NA,NA,NA,NA,NA,NA,5.5,1.3,6.2,4.5,24.5
"246",112,287,32,NA,NA,NA,NA,NA,39,32,NA,NA,NA,NA,NA,NA,NA,5,1,6.5,3.7,35.5
"247",112,290,32,NA,NA,NA,NA,NA,44,48,NA,NA,NA,NA,NA,NA,NA,6.5,1.5,7.3,6.9,46
"248",112,291,32,NA,NA,NA,NA,NA,26,27,NA,NA,NA,NA,NA,NA,NA,6,1,4.5,6.6,26.5
"249",112,292,32,NA,NA,NA,NA,NA,13,12,NA,NA,NA,NA,NA,NA,NA,3.5,NA,3.1,2.6,12.5
"250",112,293,32,NA,NA,NA,NA,NA,15,16,NA,NA,NA,NA,NA,NA,NA,6,1,3.7,5.7,15.5
"251",112,298,32,NA,NA,NA,NA,NA,17,17,NA,NA,NA,NA,NA,NA,NA,6.5,NA,3.4,3.3,17
"252",112,299,32,NA,NA,NA,NA,NA,18,18,NA,NA,NA,NA,NA,NA,NA,6.5,2,2.8,3.5,18
"253",112,300,32,NA,NA,NA,NA,NA,11,11,NA,NA,NA,NA,NA,NA,NA,3,0.5,2.6,2.5,11
"254",112,300,32,NA,NA,NA,NA,NA,12,13,NA,NA,NA,NA,NA,NA,NA,4.5,0.5,2.5,2.2,12.5
"256",112,305,32,NA,NA,NA,NA,NA,16,18,NA,NA,NA,NA,NA,NA,NA,8.5,1.7,4.6,3.9,17
"257",112,305,32,NA,NA,NA,NA,NA,9,9,NA,NA,NA,NA,NA,NA,NA,6.5,1.2,2.4,2.9,9
"258",112,306,32,NA,NA,NA,NA,NA,20,19,NA,NA,NA,NA,NA,NA,NA,6.5,NA,4.6,5.5,19.5
"259",112,306,32,NA,NA,NA,NA,NA,40,34,NA,NA,NA,NA,NA,NA,NA,7.5,2,6.7,5.9,37
"260",112,311,32,NA,NA,NA,NA,NA,43,44,NA,NA,NA,NA,NA,NA,NA,7,NA,7.3,7.4,43.5
"261",112,316,32,NA,NA,NA,NA,NA,25,25,NA,NA,NA,NA,NA,NA,NA,7,0.6,5.6,5.5,25
"262",112,316,32,NA,NA,NA,NA,NA,10,11,NA,NA,NA,NA,NA,NA,NA,4,0.2,4,4.4,10.5
"263",112,319,32,NA,NA,NA,NA,NA,17,16,NA,NA,NA,NA,NA,NA,NA,5.5,NA,4.2,3.8,16.5
"264",112,324,32,NA,NA,NA,NA,NA,16,16,NA,NA,NA,NA,NA,NA,NA,5.5,3,3,3.5,16
"265",112,324,32,NA,NA,NA,NA,NA,14,15,NA,NA,NA,NA,NA,NA,NA,8.5,4,3.3,3.4,14.5
"267",112,325,32,NA,NA,NA,NA,NA,21,21,NA,NA,NA,NA,NA,NA,NA,8,2,5,4.3,21
"270",112,328,32,NA,NA,NA,NA,NA,25,24,NA,NA,NA,NA,NA,NA,NA,7.5,2,4,6.8,24.5
"271",112,332,32,NA,NA,NA,NA,NA,21,22,NA,NA,NA,NA,NA,NA,NA,7,NA,3.7,4.3,21.5
"275",112,339,32,NA,NA,NA,NA,NA,9,9,NA,NA,NA,NA,NA,NA,NA,3.5,NA,3,2.6,9
"276",112,340,32,NA,NA,NA,NA,NA,9,9,NA,NA,NA,NA,NA,NA,NA,4,1.5,2.5,2.8,9
"277",112,341,32,NA,NA,NA,NA,NA,9,9,NA,NA,NA,NA,NA,NA,NA,4,0.1,3.2,4.1,9
"278",112,345,32,NA,NA,NA,NA,NA,32,33,NA,NA,NA,NA,NA,NA,NA,10.5,3,7.1,6.3,32.5
"279",112,345,32,NA,NA,NA,NA,NA,8,8,NA,NA,NA,NA,NA,NA,NA,4,1.5,3.1,2.8,8
"280",112,346,32,NA,NA,NA,NA,NA,18,16,NA,NA,NA,NA,NA,NA,NA,5,0,3.7,4.8,17
"281",112,353,32,NA,NA,NA,NA,NA,22,22,NA,NA,NA,NA,NA,NA,NA,8,2,5.6,4.3,22
"282",112,353,32,NA,NA,NA,NA,NA,25,27,NA,NA,NA,NA,NA,NA,NA,9,2,4.2,4.6,26
"283",112,356,32,NA,NA,NA,NA,NA,20,19,NA,NA,NA,NA,NA,NA,NA,4,0.5,2.8,3.3,19.5
"284",112,359,32,NA,NA,NA,NA,NA,19,20,NA,NA,NA,NA,NA,NA,NA,6,0.5,4.5,4.5,19.5
"285",112,361,32,NA,NA,NA,NA,NA,65,65,NA,NA,NA,NA,NA,NA,NA,15,1,8.9,9.8,65
"286",112,361,32,NA,NA,NA,NA,NA,11,12,NA,NA,NA,NA,NA,NA,NA,3.5,0.5,1.9,2.1,11.5
"287",112,366,32,NA,NA,NA,NA,NA,16,16,NA,NA,NA,NA,NA,NA,NA,4,1,4.5,3.3,16
"288",112,367,32,NA,NA,NA,NA,NA,23,21,NA,NA,NA,NA,NA,NA,NA,7,1.9,3.6,4.8,22
"289",112,367,32,NA,NA,NA,NA,NA,21,21,NA,NA,NA,NA,NA,NA,NA,5,2,6,4.2,21
"290",112,370,32,NA,NA,NA,NA,NA,17,16,NA,NA,NA,NA,NA,NA,NA,6,1,3.8,3.2,16.5
"291",112,370,32,NA,NA,NA,NA,NA,10,10,NA,NA,NA,NA,NA,NA,NA,4.5,1.3,2.7,2.5,10
"292",112,370,32,NA,NA,NA,NA,NA,10,10,NA,NA,NA,NA,NA,NA,NA,2.5,0.2,4.2,3.9,10
"297",112,376,32,NA,NA,NA,NA,NA,8,9,NA,NA,NA,NA,NA,NA,NA,4,0.5,2,2.4,8.5
"298",112,382,32,NA,NA,NA,NA,NA,20,24,NA,NA,NA,NA,NA,NA,NA,3,1.3,4.9,4.3,22
"299",112,384,32,NA,NA,NA,NA,NA,8,8,NA,NA,NA,NA,NA,NA,NA,5,2,3.7,2.8,8
"300",112,386,32,NA,NA,NA,NA,NA,40,39,NA,NA,NA,NA,NA,NA,NA,15.5,3.5,6.8,8.2,39.5
"301",112,387,32,NA,NA,NA,NA,NA,9,9,NA,NA,NA,NA,NA,NA,NA,4,NA,1.3,2.3,9
"302",112,395,32,NA,NA,NA,NA,NA,15,15,NA,NA,NA,NA,NA,NA,NA,4.5,NA,3.1,2.8,15
"303",112,396,32,NA,NA,NA,NA,NA,16,16,NA,NA,NA,NA,NA,NA,NA,4.5,2,3.5,3.5,16
"304",112,396,32,NA,NA,NA,NA,NA,21,21,NA,NA,NA,NA,NA,NA,NA,5,NA,4.4,3.5,21
"305",112,397,32,NA,NA,NA,NA,NA,15,14,NA,NA,NA,NA,NA,NA,NA,4.5,1,3.1,3.4,14.5
"306",112,398,32,NA,NA,NA,NA,NA,22,21,NA,NA,NA,NA,NA,NA,NA,6,NA,5.4,5.6,21.5
"307",112,170,32,NA,NA,NA,NA,NA,11,11,NA,NA,NA,NA,NA,NA,NA,4,NA,3.8,3.3,11
"308",112,170,32,NA,NA,NA,NA,NA,13,13,NA,NA,NA,NA,NA,NA,NA,4.5,NA,3.3,4.2,13
"309",112,177,32,NA,NA,NA,NA,NA,11,11,NA,NA,NA,NA,NA,NA,NA,5.5,0.7,4.3,4.8,11
"310",112,184,32,NA,NA,NA,NA,NA,9,9,NA,NA,NA,NA,NA,NA,NA,3.5,1,2.9,3.1,9
"311",112,184,32,NA,NA,NA,NA,NA,8,8,NA,NA,NA,NA,NA,NA,NA,4,1,2.8,2.9,8
"312",112,400,32,NA,NA,NA,NA,NA,18,18,NA,NA,NA,NA,NA,NA,NA,5.5,1,3.6,6.3,18
"313",112,400,32,NA,NA,NA,NA,NA,40,53,NA,NA,NA,NA,NA,NA,NA,7.5,1.3,7.8,5.3,46.5
"314",112,405,32,NA,NA,NA,NA,NA,56,63,NA,NA,NA,NA,NA,NA,NA,13,5,7.1,5.9,59.5
"315",112,407,32,NA,NA,NA,NA,NA,13,13,NA,NA,NA,NA,NA,NA,NA,7,1.2,3.9,2.6,13
"316",112,407,32,NA,NA,NA,NA,NA,38,38,NA,NA,NA,NA,NA,NA,NA,11,3,7.5,5.3,38
"317",112,414,32,NA,NA,NA,NA,NA,17,17,NA,NA,NA,NA,NA,NA,NA,8,3,3.9,4.1,17
"319",112,218,32,NA,NA,NA,NA,NA,16,17,NA,NA,NA,NA,NA,NA,NA,4.5,NA,2.9,2.5,16.5
"320",112,238,32,NA,NA,NA,NA,NA,17,17,NA,NA,NA,NA,NA,NA,NA,4.5,1,3,4.2,17
"321",112,344,32,NA,NA,NA,NA,NA,16,16,NA,NA,NA,NA,NA,NA,NA,6,1,4,3.2,16
"322",112,347,32,NA,NA,NA,NA,NA,12,12,NA,NA,NA,NA,NA,NA,NA,5,1.7,2.9,3.2,12
"323",112,347,32,NA,NA,NA,NA,NA,41,41,NA,NA,NA,NA,NA,NA,NA,15.5,1.6,6.1,5,41
"324",112,350,32,NA,NA,NA,NA,NA,48,53,NA,NA,NA,NA,NA,NA,NA,11.5,3.5,10.1,7,50.5
"326",112,403,32,NA,NA,NA,NA,NA,10,11,NA,NA,NA,NA,NA,NA,NA,4,NA,3.1,3,10.5
"327",112,404,32,NA,NA,NA,NA,NA,9,9,NA,NA,NA,NA,NA,NA,NA,4,NA,3.5,2.7,9
"328",112,434,32,NA,NA,NA,NA,NA,10,10,NA,NA,NA,NA,NA,NA,NA,5.5,1.2,3.2,2.9,10
"329",112,436,32,NA,NA,NA,NA,NA,18,18,NA,NA,NA,NA,NA,NA,NA,6.5,3,4.6,4.7,18
"330",112,444,32,NA,NA,NA,NA,NA,26,27,NA,NA,NA,NA,NA,NA,NA,5.5,NA,5.5,5,26.5
"331",112,449,32,NA,NA,NA,NA,NA,11,10,NA,NA,NA,NA,NA,NA,NA,4.5,1,3.5,3.2,10.5
"332",112,449,32,NA,NA,NA,NA,NA,35,42,NA,NA,NA,NA,NA,NA,NA,6,2,8.7,8.6,38.5
"333",112,458,32,NA,NA,NA,NA,NA,16,15,NA,NA,NA,NA,NA,NA,NA,6,NA,2.7,4.1,15.5
"334",112,459,32,NA,NA,NA,NA,NA,53,47,NA,NA,NA,NA,NA,NA,NA,16.5,4,4.5,6,50
"335",112,460,32,NA,NA,NA,NA,NA,25,29,NA,NA,NA,NA,NA,NA,NA,8,1.3,7.2,5.7,27
"336",112,463,32,NA,NA,NA,NA,NA,10,10,NA,NA,NA,NA,NA,NA,NA,4.5,0.4,4.1,3.2,10
"337",112,464,32,NA,NA,NA,NA,NA,19,19,NA,NA,NA,NA,NA,NA,NA,7.5,0.3,3.6,2.9,19
"338",112,465,32,NA,NA,NA,NA,NA,26,27,NA,NA,NA,NA,NA,NA,NA,8.5,1.5,3.9,5.8,26.5
"339",112,466,32,NA,NA,NA,NA,NA,11,10,NA,NA,NA,NA,NA,NA,NA,4.5,1,2.8,2.5,10.5
"340",112,466,32,NA,NA,NA,NA,NA,8,8,NA,NA,NA,NA,NA,NA,NA,4,1.5,2.2,2.1,8
"341",112,466,32,NA,NA,NA,NA,NA,8,9,NA,NA,NA,NA,NA,NA,NA,4,1.5,3.2,3,8.5
"390",112,154,32,NA,NA,NA,NA,NA,9,9,NA,NA,NA,NA,NA,NA,NA,5,2,3.1,2.5,9
"393",112,156,32,NA,NA,NA,NA,NA,8,8,NA,NA,NA,NA,NA,NA,NA,3.5,1.5,2.3,2.5,8
"396",112,424,32,NA,NA,NA,NA,NA,12,13,NA,NA,NA,NA,NA,NA,NA,7,1.5,2.7,3.1,12.5
"397",112,424,32,NA,NA,NA,NA,NA,21,22,NA,NA,NA,NA,NA,NA,NA,9,1.5,4.2,5.4,21.5
"398",112,467,32,NA,NA,NA,NA,NA,29,27,NA,NA,NA,NA,NA,NA,NA,7.5,1,6.1,4.8,28
"399",112,467,32,NA,NA,NA,NA,NA,9,9,NA,NA,NA,NA,NA,NA,NA,3,NA,1.8,2.3,9
"400",112,468,32,NA,NA,NA,NA,NA,8,9,NA,NA,NA,NA,NA,NA,NA,3,1,2.4,2.6,8.5
"423",112,134,32,NA,NA,NA,NA,NA,17,17,NA,NA,NA,NA,NA,NA,NA,6.5,1.2,5.7,3.5,17
"424",112,135,32,NA,NA,NA,NA,NA,31,32,NA,NA,NA,NA,NA,NA,NA,8.5,1.5,5.6,6.2,31.5
"425",112,135,32,NA,NA,NA,NA,NA,19,18,NA,NA,NA,NA,NA,NA,NA,8,1,6.2,5.4,18.5
"427",112,234,32,NA,NA,NA,NA,NA,19,18,NA,NA,NA,NA,NA,NA,NA,6.5,0.3,3.8,4,18.5
"428",112,408,32,NA,NA,NA,NA,NA,11,11,NA,NA,NA,NA,NA,NA,NA,4,1.5,3.3,3.4,11
"429",112,416,32,NA,NA,NA,NA,NA,9,10,NA,NA,NA,NA,NA,NA,NA,4.5,NA,2.9,1.9,9.5
"430",112,432,32,NA,NA,NA,NA,NA,19,20,NA,NA,NA,NA,NA,NA,NA,4.5,0.5,3.2,3.8,19.5
"432",112,447,32,NA,NA,NA,NA,NA,16,16,NA,NA,NA,NA,NA,NA,NA,7.5,2.8,2.4,3.3,16
"433",112,448,32,NA,NA,NA,NA,NA,11,11,NA,NA,NA,NA,NA,NA,NA,4.5,1.8,4.2,3.2,11
"434",112,456,32,NA,NA,NA,NA,NA,24,23,NA,NA,NA,NA,NA,NA,NA,7,1.3,4.2,4.2,23.5
"435",112,462,32,NA,NA,NA,NA,NA,8,8,NA,NA,NA,NA,NA,NA,NA,5,1,2.2,2.4,8
"440",112,171,32,NA,NA,NA,NA,NA,9,9,NA,NA,NA,NA,NA,NA,NA,4,1.8,2.7,2.4,9
"441",112,172,32,NA,NA,NA,NA,NA,9,9,NA,NA,NA,NA,NA,NA,NA,3,0.4,2.2,2.4,9
"442",112,178,32,NA,NA,NA,NA,NA,36,44,NA,NA,NA,NA,NA,NA,NA,10.5,2.5,6.9,6.7,40
"444",112,191,32,NA,NA,NA,NA,NA,18,17,NA,NA,NA,NA,NA,NA,NA,8,1.8,4.2,4.6,17.5
"445",112,196,32,NA,NA,NA,NA,NA,56,55,NA,NA,NA,NA,NA,NA,NA,11,4,7.6,6.6,55.5
"446",112,198,32,NA,NA,NA,NA,NA,9,8,NA,NA,NA,NA,NA,NA,NA,3,NA,2.3,2.4,8.5
"447",112,202,32,NA,NA,NA,NA,NA,19,19,NA,NA,NA,NA,NA,NA,NA,6.5,0.5,4.7,4.9,19
"448",112,209,32,NA,NA,NA,NA,NA,14,14,NA,NA,NA,NA,NA,NA,NA,4.5,1.3,7.5,7.6,14
"449",112,209,32,NA,NA,NA,NA,NA,8,8,NA,NA,NA,NA,NA,NA,NA,4.5,2.5,3.2,3.1,8
"450",112,217,32,NA,NA,NA,NA,NA,45,47,NA,NA,NA,NA,NA,NA,NA,6.5,3.5,8.3,8.1,46
"454",112,229,32,NA,NA,NA,NA,NA,18,17,NA,NA,NA,NA,NA,NA,NA,7.5,2.1,3.1,3.5,17.5
"455",112,232,32,NA,NA,NA,NA,NA,12,12,NA,NA,NA,NA,NA,NA,NA,5,NA,3.1,3,12
"456",112,232,32,NA,NA,NA,NA,NA,24,25,NA,NA,NA,NA,NA,NA,NA,4.5,0.5,5.5,6,24.5
"457",112,233,32,NA,NA,NA,NA,NA,22,21,NA,NA,NA,NA,NA,NA,NA,8,3,4.8,4.7,21.5
"458",112,235,32,NA,NA,NA,NA,NA,9,9,NA,NA,NA,NA,NA,NA,NA,3.5,0.5,1.7,2.9,9
"459",112,237,32,NA,NA,NA,NA,NA,18,18,NA,NA,NA,NA,NA,NA,NA,4.5,1,4.8,4.1,18
"462",112,242,32,NA,NA,NA,NA,NA,15,16,NA,NA,NA,NA,NA,NA,NA,8,2,4.3,3.5,15.5
"463",112,242,32,NA,NA,NA,NA,NA,8,8,NA,NA,NA,NA,NA,NA,NA,3,0.4,3.5,3.6,8
"466",112,258,32,NA,NA,NA,NA,NA,41,41,NA,NA,NA,NA,NA,NA,NA,8,4,5.8,5.8,41
"468",112,262,32,NA,NA,NA,NA,NA,27,24,NA,NA,NA,NA,NA,NA,NA,6,1.2,5.5,3.6,25.5
"469",112,266,32,NA,NA,NA,NA,NA,42,45,NA,NA,NA,NA,NA,NA,NA,13,2,5.5,5.6,43.5
"471",112,296,32,NA,NA,NA,NA,NA,15,14,NA,NA,NA,NA,NA,NA,NA,6,0.3,3,3.9,14.5
"472",112,299,32,NA,NA,NA,NA,NA,19,18,NA,NA,NA,NA,NA,NA,NA,6,1.5,2.7,3.5,18.5
"474",112,304,32,NA,NA,NA,NA,NA,13,14,NA,NA,NA,NA,NA,NA,NA,6,1.8,3.3,3.9,13.5
"475",112,316,32,NA,NA,NA,NA,NA,19,18,NA,NA,NA,NA,NA,NA,NA,5.5,0.4,4.6,5.2,18.5
"476",112,316,32,NA,NA,NA,NA,NA,21,22,NA,NA,NA,NA,NA,NA,NA,6,0.2,3.7,4,21.5
"477",112,320,32,NA,NA,NA,NA,NA,8,8,NA,NA,NA,NA,NA,NA,NA,2.5,NA,1.9,2.3,8
"478",112,324,32,NA,NA,NA,NA,NA,16,16,NA,NA,NA,NA,NA,NA,NA,7,2,4.5,4.8,16
"481",112,328,32,NA,NA,NA,NA,NA,15,15,NA,NA,NA,NA,NA,NA,NA,7,0.5,4.2,4.8,15
"482",112,332,32,NA,NA,NA,NA,NA,12,13,NA,NA,NA,NA,NA,NA,NA,6,NA,3.2,3.3,12.5
"485",112,338,32,NA,NA,NA,NA,NA,14,13,NA,NA,NA,NA,NA,NA,NA,3.5,NA,2,3.1,13.5
"486",112,339,32,NA,NA,NA,NA,NA,8,8,NA,NA,NA,NA,NA,NA,NA,3,NA,2.2,2.4,8
"487",112,341,32,NA,NA,NA,NA,NA,18,18,NA,NA,NA,NA,NA,NA,NA,6,1,3.4,2.7,18
"488",112,342,32,NA,NA,NA,NA,NA,29,29,NA,NA,NA,NA,NA,NA,NA,8.5,2,4,4.2,29
"489",112,343,32,NA,NA,NA,NA,NA,17,18,NA,NA,NA,NA,NA,NA,NA,6.5,NA,3.2,3.3,17.5
"490",112,343,32,NA,NA,NA,NA,NA,9,10,NA,NA,NA,NA,NA,NA,NA,3,NA,3.8,4.2,9.5
"491",112,343,32,NA,NA,NA,NA,NA,9,10,NA,NA,NA,NA,NA,NA,NA,3,NA,3.3,3.3,9.5
"492",112,345,32,NA,NA,NA,NA,NA,14,14,NA,NA,NA,NA,NA,NA,NA,5.5,1,3.7,5.7,14
"493",112,348,32,NA,NA,NA,NA,NA,18,18,NA,NA,NA,NA,NA,NA,NA,8,4,2.5,3,18
"494",112,348,32,NA,NA,NA,NA,NA,33,32,NA,NA,NA,NA,NA,NA,NA,10.5,1.8,4.9,5.2,32.5
"496",112,353,32,NA,NA,NA,NA,NA,12,12,NA,NA,NA,NA,NA,NA,NA,8.5,1.5,3.2,3.1,12
"497",112,356,32,NA,NA,NA,NA,NA,18,18,NA,NA,NA,NA,NA,NA,NA,4,1,3.1,2.6,18
"498",112,363,32,NA,NA,NA,NA,NA,17,17,NA,NA,NA,NA,NA,NA,NA,2.5,1.5,2.5,2.6,17
"500",112,365,32,NA,NA,NA,NA,NA,16,16,NA,NA,NA,NA,NA,NA,NA,6,NA,3.9,3.8,16
"501",112,366,32,NA,NA,NA,NA,NA,9,9,NA,NA,NA,NA,NA,NA,NA,3.5,1,2.8,2.3,9
"502",112,366,32,NA,NA,NA,NA,NA,8,8,NA,NA,NA,NA,NA,NA,NA,4,1,2.7,3.1,8
"503",112,368,32,NA,NA,NA,NA,NA,52,51,NA,NA,NA,NA,NA,NA,NA,14,3.5,8.9,8,51.5
"504",112,370,32,NA,NA,NA,NA,NA,15,15,NA,NA,NA,NA,NA,NA,NA,5,0.2,2.7,3.2,15
"505",112,373,32,NA,NA,NA,NA,NA,11,11,NA,NA,NA,NA,NA,NA,NA,4.5,0.2,3,4.4,11
"506",112,373,32,NA,NA,NA,NA,NA,8,8,NA,NA,NA,NA,NA,NA,NA,3.5,0.5,2.8,2.8,8
"508",112,385,32,NA,NA,NA,NA,NA,18,18,NA,NA,NA,NA,NA,NA,NA,5,1,4.1,4.7,18
"509",112,389,32,NA,NA,NA,NA,NA,9,10,NA,NA,NA,NA,NA,NA,NA,3,NA,2.4,1.5,9.5
"510",112,392,32,NA,NA,NA,NA,NA,12,11,NA,NA,NA,NA,NA,NA,NA,3.5,NA,3.1,3.5,11.5
"511",112,394,32,NA,NA,NA,NA,NA,10,10,NA,NA,NA,NA,NA,NA,NA,4,NA,3.5,3.6,10
"512",112,394,32,NA,NA,NA,NA,NA,9,8,NA,NA,NA,NA,NA,NA,NA,4,NA,2.4,3.1,8.5
"514",112,176,32,NA,NA,NA,NA,NA,18,18,NA,NA,NA,NA,NA,NA,NA,6.5,0.5,4.3,4.5,18
"515",112,402,32,NA,NA,NA,NA,NA,14,14,NA,NA,NA,NA,NA,NA,NA,6,1,4.3,3.8,14
"516",112,406,32,NA,NA,NA,NA,NA,10,10,NA,NA,NA,NA,NA,NA,NA,4.5,0.4,2,2.4,10
"518",112,185,32,NA,NA,NA,NA,NA,18,19,NA,NA,NA,NA,NA,NA,NA,8,2.5,5.5,5.2,18.5
"519",112,219,32,NA,NA,NA,NA,NA,14,15,NA,NA,NA,NA,NA,NA,NA,3.5,0.5,3.5,3.1,14.5
"520",112,238,32,NA,NA,NA,NA,NA,11,11,NA,NA,NA,NA,NA,NA,NA,3,0.4,2.8,2.3,11
"521",112,302,32,NA,NA,NA,NA,NA,17,17,NA,NA,NA,NA,NA,NA,NA,6.5,0.5,3.8,3.9,17
"522",112,323,32,NA,NA,NA,NA,NA,13,14,NA,NA,NA,NA,NA,NA,NA,6,NA,3.4,3.3,13.5
"523",112,344,32,NA,NA,NA,NA,NA,10,10,NA,NA,NA,NA,NA,NA,NA,4.5,0.3,3.7,3.1,10
"524",112,347,32,NA,NA,NA,NA,NA,17,18,NA,NA,NA,NA,NA,NA,NA,7.5,0.5,2.9,2.5,17.5
"525",112,350,32,NA,NA,NA,NA,NA,14,14,NA,NA,NA,NA,NA,NA,NA,7,3.5,4.5,5.5,14
"528",112,401,32,NA,NA,NA,NA,NA,18,18,NA,NA,NA,NA,NA,NA,NA,9,1.5,3.7,4.5,18
"529",112,401,32,NA,NA,NA,NA,NA,20,21,NA,NA,NA,NA,NA,NA,NA,6,NA,5.3,4.5,20.5
"530",112,404,32,NA,NA,NA,NA,NA,15,16,NA,NA,NA,NA,NA,NA,NA,5.5,NA,3.7,3.8,15.5
"531",112,413,32,NA,NA,NA,NA,NA,36,37,NA,NA,NA,NA,NA,NA,NA,11,6,4.1,4.5,36.5
"532",112,436,32,NA,NA,NA,NA,NA,11,10,NA,NA,NA,NA,NA,NA,NA,5,2,3.6,3.8,10.5
"533",112,436,32,NA,NA,NA,NA,NA,19,22,NA,NA,NA,NA,NA,NA,NA,5.5,3,4.1,4.1,20.5
"534",112,449,32,NA,NA,NA,NA,NA,53,48,NA,NA,NA,NA,NA,NA,NA,12,7.5,4.8,5.7,50.5
"535",112,450,32,NA,NA,NA,NA,NA,18,17,NA,NA,NA,NA,NA,NA,NA,6.5,2,4.8,5.1,17.5
"536",112,450,32,NA,NA,NA,NA,NA,19,20,NA,NA,NA,NA,NA,NA,NA,11,6,2.1,4.5,19.5
"537",112,452,32,NA,NA,NA,NA,NA,10,10,NA,NA,NA,NA,NA,NA,NA,3,0.2,2.7,2,10
"538",112,452,32,NA,NA,NA,NA,NA,11,11,NA,NA,NA,NA,NA,NA,NA,3,0.2,3.5,3.7,11
"539",112,453,32,NA,NA,NA,NA,NA,14,14,NA,NA,NA,NA,NA,NA,NA,4,1,3.5,4.1,14
"540",112,453,32,NA,NA,NA,NA,NA,9,9,NA,NA,NA,NA,NA,NA,NA,4,0.2,3.4,3.5,9
"541",112,457,32,NA,NA,NA,NA,NA,13,15,NA,NA,NA,NA,NA,NA,NA,6,0.5,3.5,3,14
"542",112,458,32,NA,NA,NA,NA,NA,19,19,NA,NA,NA,NA,NA,NA,NA,6.5,NA,4.3,3.5,19
"545",112,461,32,NA,NA,NA,NA,NA,10,10,NA,NA,NA,NA,NA,NA,NA,6,1.8,2.5,2.2,10
"546",112,463,32,NA,NA,NA,NA,NA,8,8,NA,NA,NA,NA,NA,NA,NA,4,1.3,3.1,2.9,8
"547",112,463,32,NA,NA,NA,NA,NA,10,10,NA,NA,NA,NA,NA,NA,NA,6,2.3,3.4,4,10
"548",112,464,32,NA,NA,NA,NA,NA,8,8,NA,NA,NA,NA,NA,NA,NA,4.5,2.3,2.8,4,8
"549",112,417,32,NA,NA,NA,NA,NA,8,8,NA,NA,NA,NA,NA,NA,NA,4,1.4,3.6,2.5,8
"588",112,154,32,NA,NA,NA,NA,NA,9,8,NA,NA,NA,NA,NA,NA,NA,5,2,3.3,3,8.5
"592",112,410,32,NA,NA,NA,NA,NA,23,22,NA,NA,NA,NA,NA,NA,NA,8.5,6,5.8,5.1,22.5
"594",112,422,32,NA,NA,NA,NA,NA,28,28,NA,NA,NA,NA,NA,NA,NA,13.5,4,5,4.1,28
"595",112,426,32,NA,NA,NA,NA,NA,26,25,NA,NA,NA,NA,NA,NA,NA,8,2,5.7,4.2,25.5
"596",112,426,32,NA,NA,NA,NA,NA,24,25,NA,NA,NA,NA,NA,NA,NA,8,1.5,5.4,4.6,24.5
"597",112,428,32,NA,NA,NA,NA,NA,21,21,NA,NA,NA,NA,NA,NA,NA,9.5,2.5,4.6,3.3,21
"598",112,439,32,NA,NA,NA,NA,NA,23,22,NA,NA,NA,NA,NA,NA,NA,9,3.5,4.6,4.2,22.5
"621",112,134,32,NA,NA,NA,NA,NA,12,12,NA,NA,NA,NA,NA,NA,NA,5,0.5,4.8,4,12
"623",112,145,32,NA,NA,NA,NA,NA,14,14,NA,NA,NA,NA,NA,NA,NA,7,0.5,3.2,4.6,14
"624",112,145,32,NA,NA,NA,NA,NA,20,23,NA,NA,NA,NA,NA,NA,NA,8,2,5.2,4.3,21.5
"625",112,234,32,NA,NA,NA,NA,NA,13,13,NA,NA,NA,NA,NA,NA,NA,7,1,2.8,4.1,13
"626",112,408,32,NA,NA,NA,NA,NA,15,15,NA,NA,NA,NA,NA,NA,NA,7,2.5,2.1,3.5,15
"627",112,415,32,NA,NA,NA,NA,NA,9,9,NA,NA,NA,NA,NA,NA,NA,6,0.5,2.6,2.9,9
"628",112,416,32,NA,NA,NA,NA,NA,45,46,NA,NA,NA,NA,NA,NA,NA,11,2,6.2,6.7,45.5
"629",112,431,32,NA,NA,NA,NA,NA,18,18,NA,NA,NA,NA,NA,NA,NA,7,1.3,2.9,4.5,18
"630",112,433,32,NA,NA,NA,NA,NA,20,19,NA,NA,NA,NA,NA,NA,NA,5.5,2,5.2,4.4,19.5
"631",112,433,32,NA,NA,NA,NA,NA,24,22,NA,NA,NA,NA,NA,NA,NA,11.5,3.5,3.3,5.9,23
"632",112,440,32,NA,NA,NA,NA,NA,23,24,NA,NA,NA,NA,NA,NA,NA,10.5,1,6.4,6.1,23.5
"633",112,442,32,NA,NA,NA,NA,NA,23,23,NA,NA,NA,NA,NA,NA,NA,10,1.5,6.4,5.9,23
"634",112,443,32,NA,NA,NA,NA,NA,16,16,NA,NA,NA,NA,NA,NA,NA,5.5,1,4.2,3.2,16
"635",112,448,32,NA,NA,NA,NA,NA,19,19,NA,NA,NA,NA,NA,NA,NA,4.5,1,4.8,5,19
"641",112,175,32,NA,NA,NA,NA,NA,11,11,NA,NA,NA,NA,NA,NA,NA,6,3,3.6,3.1,11
"642",112,179,32,NA,NA,NA,NA,NA,13,13,NA,NA,NA,NA,NA,NA,NA,5.5,0.5,3.1,2.9,13
"643",112,182,32,NA,NA,NA,NA,NA,34,29,NA,NA,NA,NA,NA,NA,NA,4.5,2.2,5.5,6.7,31.5
"647",112,195,32,NA,NA,NA,NA,NA,17,18,NA,NA,NA,NA,NA,NA,NA,9,3.5,6.6,5.4,17.5
"648",112,200,32,NA,NA,NA,NA,NA,16,16,NA,NA,NA,NA,NA,NA,NA,6.5,4.5,1.9,2.8,16
"649",112,201,32,NA,NA,NA,NA,NA,15,16,NA,NA,NA,NA,NA,NA,NA,5,1.7,3.2,3.4,15.5
"653",112,206,32,NA,NA,NA,NA,NA,61,65,NA,NA,NA,NA,NA,NA,NA,12,2,7,8.2,63
"654",112,206,32,NA,NA,NA,NA,NA,11,12,NA,NA,NA,NA,NA,NA,NA,5.5,0.5,3.9,3.5,11.5
"655",112,207,32,NA,NA,NA,NA,NA,66,60,NA,NA,NA,NA,NA,NA,NA,15,1.7,8.8,10.5,63
"656",112,208,32,NA,NA,NA,NA,NA,47,47,NA,NA,NA,NA,NA,NA,NA,12,2.5,6.4,6.6,47
"657",112,212,32,NA,NA,NA,NA,NA,8,8,NA,NA,NA,NA,NA,NA,NA,3,1.3,1.5,1.6,8
"658",112,216,32,NA,NA,NA,NA,NA,10,9,NA,NA,NA,NA,NA,NA,NA,6.5,5,2.1,2.2,9.5
"659",112,217,32,NA,NA,NA,NA,NA,12,12,NA,NA,NA,NA,NA,NA,NA,5,NA,2.3,2.6,12
"660",112,230,32,NA,NA,NA,NA,NA,67,67,NA,NA,NA,NA,NA,NA,NA,18.5,2,7,9.8,67
"661",112,231,32,NA,NA,NA,NA,NA,67,68,NA,NA,NA,NA,NA,NA,NA,13.5,1,8.1,9.2,67.5
"662",112,233,32,NA,NA,NA,NA,NA,25,24,NA,NA,NA,NA,NA,NA,NA,10,3.5,4.4,5.1,24.5
"664",112,240,32,NA,NA,NA,NA,NA,47,47,NA,NA,NA,NA,NA,NA,NA,11,3,7.6,7.2,47
"666",112,248,32,NA,NA,NA,NA,NA,17,17,NA,NA,NA,NA,NA,NA,NA,3.5,1,2.8,3.3,17
"667",112,249,32,NA,NA,NA,NA,NA,11,12,NA,NA,NA,NA,NA,NA,NA,3,0,2.6,3.9,11.5
"668",112,252,32,NA,NA,NA,NA,NA,26,26,NA,NA,NA,NA,NA,NA,NA,10,8,2.8,2.5,26
"672",112,263,32,NA,NA,NA,NA,NA,21,21,NA,NA,NA,NA,NA,NA,NA,5.5,0.5,5,5.2,21
"673",112,265,32,NA,NA,NA,NA,NA,19,19,NA,NA,NA,NA,NA,NA,NA,8,1.5,3.5,3.5,19
"674",112,265,32,NA,NA,NA,NA,NA,19,18,NA,NA,NA,NA,NA,NA,NA,8,3,3.6,3.4,18.5
"675",112,275,32,NA,NA,NA,NA,NA,40,39,NA,NA,NA,NA,NA,NA,NA,9,1.5,6.1,6.8,39.5
"676",112,280,32,NA,NA,NA,NA,NA,14,14,NA,NA,NA,NA,NA,NA,NA,4.5,NA,4,3.6,14
"677",112,282,32,NA,NA,NA,NA,NA,16,16,NA,NA,NA,NA,NA,NA,NA,4.5,NA,4.6,4.6,16
"678",112,287,32,NA,NA,NA,NA,NA,12,12,NA,NA,NA,NA,NA,NA,NA,2.5,1.7,2.2,3,12
"679",112,290,32,NA,NA,NA,NA,NA,34,34,NA,NA,NA,NA,NA,NA,NA,6.5,1.5,7.2,4.9,34
"680",112,291,32,NA,NA,NA,NA,NA,62,58,NA,NA,NA,NA,NA,NA,NA,13,2,10.1,9.8,60
"681",112,292,32,NA,NA,NA,NA,NA,10,11,NA,NA,NA,NA,NA,NA,NA,3,NA,2.8,2.3,10.5
"682",112,294,32,NA,NA,NA,NA,NA,22,22,NA,NA,NA,NA,NA,NA,NA,8,0.7,4,4.2,22
"683",112,295,32,NA,NA,NA,NA,NA,24,24,NA,NA,NA,NA,NA,NA,NA,10,0.3,5.4,7.1,24
"684",112,298,32,NA,NA,NA,NA,NA,26,25,NA,NA,NA,NA,NA,NA,NA,6,NA,4.9,4.6,25.5
"685",112,300,32,NA,NA,NA,NA,NA,15,16,NA,NA,NA,NA,NA,NA,NA,5,0.5,3.2,4.1,15.5
"686",112,301,32,NA,NA,NA,NA,NA,13,13,NA,NA,NA,NA,NA,NA,NA,4,1,3.3,3.1,13
"687",112,304,32,NA,NA,NA,NA,NA,23,21,NA,NA,NA,NA,NA,NA,NA,10.5,4,4,3.5,22
"688",112,314,32,NA,NA,NA,NA,NA,9,9,NA,NA,NA,NA,NA,NA,NA,2,0.4,3.2,3.3,9
"689",112,315,32,NA,NA,NA,NA,NA,11,11,NA,NA,NA,NA,NA,NA,NA,4,0.3,3.9,3.7,11
"690",112,315,32,NA,NA,NA,NA,NA,20,20,NA,NA,NA,NA,NA,NA,NA,6,0.2,4.4,3.7,20
"691",112,321,32,NA,NA,NA,NA,NA,34,33,NA,NA,NA,NA,NA,NA,NA,6.5,2,6.6,6.5,33.5
"692",112,325,32,NA,NA,NA,NA,NA,19,19,NA,NA,NA,NA,NA,NA,NA,8,1.5,3.2,4.3,19
"696",112,335,32,NA,NA,NA,NA,NA,18,16,NA,NA,NA,NA,NA,NA,NA,6.5,0.7,4.4,3.4,17
"697",112,337,32,NA,NA,NA,NA,NA,13,13,NA,NA,NA,NA,NA,NA,NA,5.5,0.5,3,3,13
"698",112,343,32,NA,NA,NA,NA,NA,13,12,NA,NA,NA,NA,NA,NA,NA,6,NA,2.5,3.5,12.5
"699",112,345,32,NA,NA,NA,NA,NA,8,8,NA,NA,NA,NA,NA,NA,NA,3.5,1.5,2,2.3,8
"701",112,356,32,NA,NA,NA,NA,NA,11,11,NA,NA,NA,NA,NA,NA,NA,6,1.5,5,3.7,11
"702",112,362,32,NA,NA,NA,NA,NA,8,8,NA,NA,NA,NA,NA,NA,NA,3.5,0.5,2.9,2.1,8
"703",112,365,32,NA,NA,NA,NA,NA,10,10,NA,NA,NA,NA,NA,NA,NA,4,NA,2.8,2.4,10
"705",112,369,32,NA,NA,NA,NA,NA,34,35,NA,NA,NA,NA,NA,NA,NA,6,3.5,5.4,5.3,34.5
"706",112,373,32,NA,NA,NA,NA,NA,9,9,NA,NA,NA,NA,NA,NA,NA,4,NA,3.3,2.6,9
"707",112,385,32,NA,NA,NA,NA,NA,8,8,NA,NA,NA,NA,NA,NA,NA,4,1,3,2.3,8
"708",112,385,32,NA,NA,NA,NA,NA,18,16,NA,NA,NA,NA,NA,NA,NA,6,1.5,4.6,3,17
"709",112,389,32,NA,NA,NA,NA,NA,8,8,NA,NA,NA,NA,NA,NA,NA,3,NA,2.2,1.8,8
"710",112,391,32,NA,NA,NA,NA,NA,20,17,NA,NA,NA,NA,NA,NA,NA,7,NA,2.6,3.4,18.5
"711",112,392,32,NA,NA,NA,NA,NA,15,14,NA,NA,NA,NA,NA,NA,NA,4,NA,3.4,4.2,14.5
"712",112,392,32,NA,NA,NA,NA,NA,14,16,NA,NA,NA,NA,NA,NA,NA,6,NA,2.6,3.1,15
"713",112,395,32,NA,NA,NA,NA,NA,12,13,NA,NA,NA,NA,NA,NA,NA,5,5,3.8,4.8,12.5
"714",112,396,32,NA,NA,NA,NA,NA,13,14,NA,NA,NA,NA,NA,NA,NA,4,1.5,5.4,3.8,13.5
"715",112,396,32,NA,NA,NA,NA,NA,10,10,NA,NA,NA,NA,NA,NA,NA,3.5,NA,3.7,3,10
"717",112,405,32,NA,NA,NA,NA,NA,40,43,NA,NA,NA,NA,NA,NA,NA,13.5,4.5,7.1,6.3,41.5
"718",112,406,32,NA,NA,NA,NA,NA,10,10,NA,NA,NA,NA,NA,NA,NA,6,1.3,2.8,3,10
"719",112,407,32,NA,NA,NA,NA,NA,39,42,NA,NA,NA,NA,NA,NA,NA,11.5,1.5,7.9,8.4,40.5
"720",112,414,32,NA,NA,NA,NA,NA,13,13,NA,NA,NA,NA,NA,NA,NA,7,4,3.2,2.7,13
"723",112,185,32,NA,NA,NA,NA,NA,45,45,NA,NA,NA,NA,NA,NA,NA,9.5,2.5,7.4,5,45
"724",112,238,32,NA,NA,NA,NA,NA,15,14,NA,NA,NA,NA,NA,NA,NA,4,0.7,3.6,2.2,14.5
"725",112,350,32,NA,NA,NA,NA,NA,36,36,NA,NA,NA,NA,NA,NA,NA,8.5,2.5,4.6,6,36
"726",112,437,32,NA,NA,NA,NA,NA,10,10,NA,NA,NA,NA,NA,NA,NA,5,1.5,2.7,3.5,10
"727",112,437,32,NA,NA,NA,NA,NA,10,11,NA,NA,NA,NA,NA,NA,NA,5.5,2,2.6,4.5,10.5
"728",112,444,32,NA,NA,NA,NA,NA,18,18,NA,NA,NA,NA,NA,NA,NA,6,NA,3.5,5,18
"729",112,446,32,NA,NA,NA,NA,NA,10,10,NA,NA,NA,NA,NA,NA,NA,4,NA,2.8,2.4,10
"730",112,449,32,NA,NA,NA,NA,NA,9,9,NA,NA,NA,NA,NA,NA,NA,3,1,2.6,3.1,9
"731",112,458,32,NA,NA,NA,NA,NA,18,15,NA,NA,NA,NA,NA,NA,NA,4,NA,6.3,5.2,16.5
"732",112,460,32,NA,NA,NA,NA,NA,17,18,NA,NA,NA,NA,NA,NA,NA,3.5,NA,3.5,4.8,17.5
"733",112,465,32,NA,NA,NA,NA,NA,18,19,NA,NA,NA,NA,NA,NA,NA,6.5,2,4.1,4.2,18.5
"734",112,417,32,NA,NA,NA,NA,NA,12,11,NA,NA,NA,NA,NA,NA,NA,5,3,3.4,4,11.5
"791",112,276,32,NA,NA,NA,NA,NA,45,50,NA,NA,NA,NA,NA,NA,NA,9.5,1.6,7.2,5.8,47.5
"793",112,410,32,NA,NA,NA,NA,NA,11,10,NA,NA,NA,NA,NA,NA,NA,6,4,3.8,3.2,10.5
"794",112,411,32,NA,NA,NA,NA,NA,10,10,NA,NA,NA,NA,NA,NA,NA,4.5,2,2.9,3.1,10
"795",112,418,32,NA,NA,NA,NA,NA,32,29,NA,NA,NA,NA,NA,NA,NA,8.5,7,7,6.7,30.5
"797",112,422,32,NA,NA,NA,NA,NA,25,26,NA,NA,NA,NA,NA,NA,NA,7,2,5.5,5.5,25.5
"798",112,423,32,NA,NA,NA,NA,NA,50,50,NA,NA,NA,NA,NA,NA,NA,11.5,1.5,9.5,9,50
"799",112,424,32,NA,NA,NA,NA,NA,47,41,NA,NA,NA,NA,NA,NA,NA,12.5,2,9.5,6.1,44
"800",112,425,32,NA,NA,NA,NA,NA,32,30,NA,NA,NA,NA,NA,NA,NA,11,0.5,6.4,6.9,31
"801",112,426,32,NA,NA,NA,NA,NA,10,10,NA,NA,NA,NA,NA,NA,NA,4,1.5,2.6,2.8,10
"802",112,426,32,NA,NA,NA,NA,NA,13,13,NA,NA,NA,NA,NA,NA,NA,6.5,2,3.2,3.1,13
"804",112,428,32,NA,NA,NA,NA,NA,18,16,NA,NA,NA,NA,NA,NA,NA,8,2,3.5,3.8,17
"805",112,428,32,NA,NA,NA,NA,NA,10,10,NA,NA,NA,NA,NA,NA,NA,5.5,2,3.5,2.1,10
"806",112,438,32,NA,NA,NA,NA,NA,28,28,NA,NA,NA,NA,NA,NA,NA,9,3,4.6,4.3,28
"807",112,439,32,NA,NA,NA,NA,NA,24,25,NA,NA,NA,NA,NA,NA,NA,8,2,5.8,5.9,24.5
"808",112,467,32,NA,NA,NA,NA,NA,17,15,NA,NA,NA,NA,NA,NA,NA,3.5,NA,3.6,2.9,16
"821",112,120,32,NA,NA,NA,NA,NA,9,8,NA,NA,NA,NA,NA,NA,NA,5,1.3,5.4,4.6,8.5
"825",112,136,32,NA,NA,NA,NA,NA,9,9,NA,NA,NA,NA,NA,NA,NA,3.5,0.5,3.5,3.1,9
"827",112,214,32,NA,NA,NA,NA,NA,38,39,NA,NA,NA,NA,NA,NA,NA,9,4,5.2,5.3,38.5
"828",112,214,32,NA,NA,NA,NA,NA,29,29,NA,NA,NA,NA,NA,NA,NA,6,3.5,5.9,5.5,29
"829",112,214,32,NA,NA,NA,NA,NA,31,26,NA,NA,NA,NA,NA,NA,NA,7,2.5,4.5,5.5,28.5
"830",112,408,32,NA,NA,NA,NA,NA,35,36,NA,NA,NA,NA,NA,NA,NA,9.5,2.5,7,6.7,35.5
"831",112,415,32,NA,NA,NA,NA,NA,18,18,NA,NA,NA,NA,NA,NA,NA,6.5,2,4.6,5.4,18
"832",112,415,32,NA,NA,NA,NA,NA,14,14,NA,NA,NA,NA,NA,NA,NA,7.5,2.5,3.4,3.6,14
"833",112,432,32,NA,NA,NA,NA,NA,21,21,NA,NA,NA,NA,NA,NA,NA,6,0.8,5.8,5.6,21
"834",112,435,32,NA,NA,NA,NA,NA,12,12,NA,NA,NA,NA,NA,NA,NA,8.5,4.5,1.5,2.5,12
"835",112,441,32,NA,NA,NA,NA,NA,35,35,NA,NA,NA,NA,NA,NA,NA,6,NA,7.1,6.7,35
"836",112,442,32,NA,NA,NA,NA,NA,22,25,NA,NA,NA,NA,NA,NA,NA,6.5,0.5,4.8,5.4,23.5
"837",112,442,32,NA,NA,NA,NA,NA,23,23,NA,NA,NA,NA,NA,NA,NA,5,0.5,6.2,5.7,23
"838",112,445,32,NA,NA,NA,NA,NA,17,16,NA,NA,NA,NA,NA,NA,NA,6.5,NA,4.6,3.5,16.5
"839",112,445,32,NA,NA,NA,NA,NA,9,9,NA,NA,NA,NA,NA,NA,NA,3.5,NA,2.9,1.8,9
"840",112,448,32,NA,NA,NA,NA,NA,11,11,NA,NA,NA,NA,NA,NA,NA,5.5,1.7,2.3,3.4,11
"841",112,454,32,NA,NA,NA,NA,NA,46,46,NA,NA,NA,NA,NA,NA,NA,15,3.5,6.8,7,46
"848",112,172,32,NA,NA,NA,NA,NA,13,13,NA,NA,NA,NA,NA,NA,NA,5.5,0.5,4,4.4,13
"849",112,175,32,NA,NA,NA,NA,NA,9,9,NA,NA,NA,NA,NA,NA,NA,6,4,2.2,2,9
"852",112,182,32,NA,NA,NA,NA,NA,15,15,NA,NA,NA,NA,NA,NA,NA,5,1,2.8,3.1,15
"855",112,190,32,NA,NA,NA,NA,NA,12,12,NA,NA,NA,NA,NA,NA,NA,5,1,4.4,5.2,12
"857",112,193,32,NA,NA,NA,NA,NA,23,23,NA,NA,NA,NA,NA,NA,NA,11,1.5,2.9,4.3,23
"858",112,197,32,NA,NA,NA,NA,NA,9,9,NA,NA,NA,NA,NA,NA,NA,3.5,0.5,3.1,3.1,9
"859",112,198,32,NA,NA,NA,NA,NA,32,31,NA,NA,NA,NA,NA,NA,NA,9.5,1.5,6.6,6.8,31.5
"861",112,203,32,NA,NA,NA,NA,NA,14,14,NA,NA,NA,NA,NA,NA,NA,5,NA,3.3,3.2,14
"862",112,207,32,NA,NA,NA,NA,NA,19,19,NA,NA,NA,NA,NA,NA,NA,7.5,1.3,3.2,3.6,19
"863",112,210,32,NA,NA,NA,NA,NA,28,28,NA,NA,NA,NA,NA,NA,NA,8.5,3.5,4.3,4,28
"864",112,210,32,NA,NA,NA,NA,NA,40,39,NA,NA,NA,NA,NA,NA,NA,7.5,1.2,5.8,4.6,39.5
"865",112,210,32,NA,NA,NA,NA,NA,21,21,NA,NA,NA,NA,NA,NA,NA,6.5,1.7,4,3.8,21
"866",112,211,32,NA,NA,NA,NA,NA,15,16,NA,NA,NA,NA,NA,NA,NA,9.5,6.5,3.2,2.8,15.5
"867",112,213,32,NA,NA,NA,NA,NA,29,29,NA,NA,NA,NA,NA,NA,NA,2.5,0.5,9.5,4.9,29
"868",112,215,32,NA,NA,NA,NA,NA,10,9,NA,NA,NA,NA,NA,NA,NA,2.5,NA,2.5,2.8,9.5
"870",112,227,32,NA,NA,NA,NA,NA,11,12,NA,NA,NA,NA,NA,NA,NA,7,1.8,2.7,3.3,11.5
"871",112,231,32,NA,NA,NA,NA,NA,10,8,NA,NA,NA,NA,NA,NA,NA,1.5,1.3,1.2,1.3,9
"872",112,233,32,NA,NA,NA,NA,NA,14,14,NA,NA,NA,NA,NA,NA,NA,5,3,4.1,3.7,14
"873",112,235,32,NA,NA,NA,NA,NA,9,9,NA,NA,NA,NA,NA,NA,NA,4.5,1,2.9,2.1,9
"874",112,237,32,NA,NA,NA,NA,NA,8,9,NA,NA,NA,NA,NA,NA,NA,2.5,1,3.1,2,8.5
"875",112,240,32,NA,NA,NA,NA,NA,33,36,NA,NA,NA,NA,NA,NA,NA,6,2,5.1,5,34.5
"876",112,242,32,NA,NA,NA,NA,NA,10,10,NA,NA,NA,NA,NA,NA,NA,7,1.2,2.8,2.4,10
"877",112,242,32,NA,NA,NA,NA,NA,8,8,NA,NA,NA,NA,NA,NA,NA,3.5,1.3,2,2,8
"878",112,249,32,NA,NA,NA,NA,NA,22,22,NA,NA,NA,NA,NA,NA,NA,4,0,4.4,4.2,22
"879",112,253,32,NA,NA,NA,NA,NA,52,44,NA,NA,NA,NA,NA,NA,NA,7,2,9.2,5,48
"880",112,258,32,NA,NA,NA,NA,NA,24,24,NA,NA,NA,NA,NA,NA,NA,7,2,2.8,4.1,24
"881",112,258,32,NA,NA,NA,NA,NA,28,28,NA,NA,NA,NA,NA,NA,NA,6,2,4.8,4.3,28
"882",112,259,32,NA,NA,NA,NA,NA,36,34,NA,NA,NA,NA,NA,NA,NA,9.5,2,3.9,5.4,35
"883",112,260,32,NA,NA,NA,NA,NA,8,8,NA,NA,NA,NA,NA,NA,NA,3.5,NA,2.9,2.4,8
"884",112,262,32,NA,NA,NA,NA,NA,11,11,NA,NA,NA,NA,NA,NA,NA,5,1.6,3.1,2.6,11
"885",112,263,32,NA,NA,NA,NA,NA,10,10,NA,NA,NA,NA,NA,NA,NA,4,0.4,1.9,2.1,10
"886",112,266,32,NA,NA,NA,NA,NA,10,9,NA,NA,NA,NA,NA,NA,NA,3,0,3.9,3.9,9.5
"887",112,270,32,NA,NA,NA,NA,NA,54,54,NA,NA,NA,NA,NA,NA,NA,15.5,4,10.5,7.4,54
"888",112,273,32,NA,NA,NA,NA,NA,30,31,NA,NA,NA,NA,NA,NA,NA,8,0.5,5.2,6.2,30.5
"889",112,273,32,NA,NA,NA,NA,NA,31,30,NA,NA,NA,NA,NA,NA,NA,8,0.7,4.8,6.5,30.5
"890",112,275,32,NA,NA,NA,NA,NA,49,47,NA,NA,NA,NA,NA,NA,NA,12.5,1.5,6.3,7.2,48
"891",112,277,32,NA,NA,NA,NA,NA,44,41,NA,NA,NA,NA,NA,NA,NA,7.5,1.8,8.9,8.2,42.5
"892",112,279,32,NA,NA,NA,NA,NA,14,14,NA,NA,NA,NA,NA,NA,NA,5,2,3.3,3.5,14
"893",112,282,32,NA,NA,NA,NA,NA,16,15,NA,NA,NA,NA,NA,NA,NA,5,0.5,3.9,3.4,15.5
"894",112,282,32,NA,NA,NA,NA,NA,9,9,NA,NA,NA,NA,NA,NA,NA,3.5,NA,3.4,2.9,9
"895",112,286,32,NA,NA,NA,NA,NA,19,19,NA,NA,NA,NA,NA,NA,NA,6,1.3,3.2,4.5,19
"896",112,292,32,NA,NA,NA,NA,NA,13,13,NA,NA,NA,NA,NA,NA,NA,4,NA,3.4,3.5,13
"897",112,293,32,NA,NA,NA,NA,NA,14,14,NA,NA,NA,NA,NA,NA,NA,4.5,0.7,3.9,4.3,14
"898",112,294,32,NA,NA,NA,NA,NA,9,9,NA,NA,NA,NA,NA,NA,NA,4,1.5,2.3,2.8,9
"899",112,295,32,NA,NA,NA,NA,NA,13,14,NA,NA,NA,NA,NA,NA,NA,7,2,2.5,2,13.5
"900",112,296,32,NA,NA,NA,NA,NA,23,24,NA,NA,NA,NA,NA,NA,NA,8,0.8,4.4,4.6,23.5
"902",112,297,32,NA,NA,NA,NA,NA,10,10,NA,NA,NA,NA,NA,NA,NA,5.5,1.7,2.3,2.1,10
"903",112,297,32,NA,NA,NA,NA,NA,8,8,NA,NA,NA,NA,NA,NA,NA,3.5,NA,3.2,3.3,8
"904",112,304,32,NA,NA,NA,NA,NA,43,41,NA,NA,NA,NA,NA,NA,NA,14,1.6,6.5,6.8,42
"905",112,304,32,NA,NA,NA,NA,NA,15,15,NA,NA,NA,NA,NA,NA,NA,6,2.5,2.7,2.5,15
"906",112,306,32,NA,NA,NA,NA,NA,12,12,NA,NA,NA,NA,NA,NA,NA,6.5,1.5,3.2,3.3,12
"907",112,311,32,NA,NA,NA,NA,NA,51,51,NA,NA,NA,NA,NA,NA,NA,7,1.5,6.1,7.8,51
"908",112,314,32,NA,NA,NA,NA,NA,9,9,NA,NA,NA,NA,NA,NA,NA,2,0.3,2.2,1.3,9
"909",112,314,32,NA,NA,NA,NA,NA,30,32,NA,NA,NA,NA,NA,NA,NA,5,1.4,4.6,5.2,31
"910",112,315,32,NA,NA,NA,NA,NA,32,35,NA,NA,NA,NA,NA,NA,NA,7,0.5,6.9,7.3,33.5
"911",112,319,32,NA,NA,NA,NA,NA,14,16,NA,NA,NA,NA,NA,NA,NA,6,NA,3.7,3.2,15
"912",112,319,32,NA,NA,NA,NA,NA,10,10,NA,NA,NA,NA,NA,NA,NA,3,NA,2.8,2.9,10
"913",112,321,32,NA,NA,NA,NA,NA,24,30,NA,NA,NA,NA,NA,NA,NA,6,2,4.1,4.1,27
"914",112,321,32,NA,NA,NA,NA,NA,40,38,NA,NA,NA,NA,NA,NA,NA,8,2,5.6,6.5,39
"915",112,324,32,NA,NA,NA,NA,NA,16,18,NA,NA,NA,NA,NA,NA,NA,7.5,1.3,4,4,17
"918",112,338,32,NA,NA,NA,NA,NA,13,13,NA,NA,NA,NA,NA,NA,NA,4,0.5,5.3,3.5,13
"919",112,339,32,NA,NA,NA,NA,NA,29,29,NA,NA,NA,NA,NA,NA,NA,10,NA,5.2,4.9,29
"920",112,339,32,NA,NA,NA,NA,NA,28,26,NA,NA,NA,NA,NA,NA,NA,10,1.5,5.7,6.1,27
"921",112,342,32,NA,NA,NA,NA,NA,12,12,NA,NA,NA,NA,NA,NA,NA,5,NA,2.6,2.8,12
"922",112,348,32,NA,NA,NA,NA,NA,14,13,NA,NA,NA,NA,NA,NA,NA,6.5,5,2.4,2.6,13.5
"923",112,354,32,NA,NA,NA,NA,NA,33,32,NA,NA,NA,NA,NA,NA,NA,7.5,0.5,5,5.9,32.5
"924",112,359,32,NA,NA,NA,NA,NA,16,15,NA,NA,NA,NA,NA,NA,NA,6.5,1,3.4,3.7,15.5
"925",112,359,32,NA,NA,NA,NA,NA,10,10,NA,NA,NA,NA,NA,NA,NA,3.5,0.5,3.5,3.3,10
"926",112,360,32,NA,NA,NA,NA,NA,15,14,NA,NA,NA,NA,NA,NA,NA,4.5,NA,2.9,4.2,14.5
"927",112,369,32,NA,NA,NA,NA,NA,19,19,NA,NA,NA,NA,NA,NA,NA,5,1.5,4.2,3.9,19
"928",112,369,32,NA,NA,NA,NA,NA,44,38,NA,NA,NA,NA,NA,NA,NA,7.5,1.3,5.4,5.4,41
"930",112,372,32,NA,NA,NA,NA,NA,13,13,NA,NA,NA,NA,NA,NA,NA,6.5,1.7,3.2,2.9,13
"932",112,384,32,NA,NA,NA,NA,NA,52,54,NA,NA,NA,NA,NA,NA,NA,12.5,5,8.6,8.2,53
"933",112,384,32,NA,NA,NA,NA,NA,10,10,NA,NA,NA,NA,NA,NA,NA,6.5,4,2.3,2.5,10
"934",112,386,32,NA,NA,NA,NA,NA,28,24,NA,NA,NA,NA,NA,NA,NA,8.5,2.5,4.8,4.5,26
"935",112,392,32,NA,NA,NA,NA,NA,8,8,NA,NA,NA,NA,NA,NA,NA,2.5,NA,3.4,3.9,8
"936",112,397,32,NA,NA,NA,NA,NA,15,15,NA,NA,NA,NA,NA,NA,NA,5,0.4,3.4,4.1,15
"937",112,398,32,NA,NA,NA,NA,NA,9,9,NA,NA,NA,NA,NA,NA,NA,4,NA,3.4,2.4,9
"939",112,402,32,NA,NA,NA,NA,NA,22,22,NA,NA,NA,NA,NA,NA,NA,6,0.6,4.9,4.6,22
"940",112,414,32,NA,NA,NA,NA,NA,10,10,NA,NA,NA,NA,NA,NA,NA,5.5,3,2.5,2.8,10
"941",112,414,32,NA,NA,NA,NA,NA,8,8,NA,NA,NA,NA,NA,NA,NA,5,3,2.1,3.1,8
"944",112,219,32,NA,NA,NA,NA,NA,9,9,NA,NA,NA,NA,NA,NA,NA,3,0.4,2.4,2.1,9
"945",112,344,32,NA,NA,NA,NA,NA,20,21,NA,NA,NA,NA,NA,NA,NA,6.5,1.6,4.6,3.8,20.5
"946",112,375,32,NA,NA,NA,NA,NA,19,19,NA,NA,NA,NA,NA,NA,NA,7,0.5,2.1,3,19
"947",112,434,32,NA,NA,NA,NA,NA,26,26,NA,NA,NA,NA,NA,NA,NA,8,1.2,4.9,5.2,26
"948",112,434,32,NA,NA,NA,NA,NA,17,16,NA,NA,NA,NA,NA,NA,NA,6.5,1.5,3.7,4.4,16.5
"949",112,444,32,NA,NA,NA,NA,NA,10,10,NA,NA,NA,NA,NA,NA,NA,6,2,2.5,2.5,10
"950",112,452,32,NA,NA,NA,NA,NA,11,11,NA,NA,NA,NA,NA,NA,NA,3,0.5,3.6,2.6,11
"951",112,464,32,NA,NA,NA,NA,NA,14,14,NA,NA,NA,NA,NA,NA,NA,7,4,4.4,3.3,14
"952",112,465,32,NA,NA,NA,NA,NA,23,24,NA,NA,NA,NA,NA,NA,NA,7.5,1,5.5,5.2,23.5
"953",112,465,32,NA,NA,NA,NA,NA,17,17,NA,NA,NA,NA,NA,NA,NA,7,1.5,3.8,3.5,17
"954",112,417,32,NA,NA,NA,NA,NA,17,17,NA,NA,NA,NA,NA,NA,NA,7.5,5.5,4.3,4.5,17
"1000",112,154,32,NA,NA,NA,NA,NA,8,8,NA,NA,NA,NA,NA,NA,NA,5,2,3.4,3.1,8
"1001",112,154,32,NA,NA,NA,NA,NA,8,8,NA,NA,NA,NA,NA,NA,NA,4.5,1.5,3.4,2.9,8
"1006",112,276,32,NA,NA,NA,NA,NA,31,37,NA,NA,NA,NA,NA,NA,NA,8.5,2.5,8.5,4.9,34
"1007",112,409,32,NA,NA,NA,NA,NA,25,25,NA,NA,NA,NA,NA,NA,NA,10,7,3.3,5.9,25
"1008",112,418,32,NA,NA,NA,NA,NA,26,27,NA,NA,NA,NA,NA,NA,NA,7.5,6.5,5.4,3.2,26.5
"1009",112,418,32,NA,NA,NA,NA,NA,41,38,NA,NA,NA,NA,NA,NA,NA,10,8.5,6.5,6.6,39.5
"1010",112,424,32,NA,NA,NA,NA,NA,61,57,NA,NA,NA,NA,NA,NA,NA,15,2,6.5,9,59
"1012",112,438,32,NA,NA,NA,NA,NA,31,36,NA,NA,NA,NA,NA,NA,NA,10,2,6.1,6.4,33.5
"1013",112,467,32,NA,NA,NA,NA,NA,26,25,NA,NA,NA,NA,NA,NA,NA,4.5,NA,4.9,3.2,25.5
"1014",112,468,32,NA,NA,NA,NA,NA,19,19,NA,NA,NA,NA,NA,NA,NA,6,1.2,4.4,4.5,19
"1015",112,468,32,NA,NA,NA,NA,NA,8,8,NA,NA,NA,NA,NA,NA,NA,4.5,1.2,2.2,2.5,8
"1041",112,134,32,NA,NA,NA,NA,NA,22,22,NA,NA,NA,NA,NA,NA,NA,7.5,0.1,4.5,5.1,22
"1042",112,214,32,NA,NA,NA,NA,NA,22,22,NA,NA,NA,NA,NA,NA,NA,6.5,2,3.6,4.1,22
"1043",112,430,32,NA,NA,NA,NA,NA,12,12,NA,NA,NA,NA,NA,NA,NA,5,0,2,2.6,12
"1044",112,431,32,NA,NA,NA,NA,NA,14,14,NA,NA,NA,NA,NA,NA,NA,5,1.7,2.6,3.6,14
"1045",112,440,32,NA,NA,NA,NA,NA,8,8,NA,NA,NA,NA,NA,NA,NA,4,0.5,2.8,3.4,8
"1046",112,443,32,NA,NA,NA,NA,NA,13,13,NA,NA,NA,NA,NA,NA,NA,4,NA,3.1,2,13
"1047",112,445,32,NA,NA,NA,NA,NA,38,39,NA,NA,NA,NA,NA,NA,NA,8.5,NA,6.5,6.1,38.5
"1048",112,448,32,NA,NA,NA,NA,NA,24,26,NA,NA,NA,NA,NA,NA,NA,9,2,5.4,5.7,25
"1049",112,454,32,NA,NA,NA,NA,NA,42,40,NA,NA,NA,NA,NA,NA,NA,11,2.2,5.1,5.4,41
"1050",112,454,32,NA,NA,NA,NA,NA,35,35,NA,NA,NA,NA,NA,NA,NA,8.5,1.5,7.2,7,35
"1056",112,172,32,NA,NA,NA,NA,NA,8,8,NA,NA,NA,NA,NA,NA,NA,3.5,0.3,2.9,3.3,8
"1058",112,179,32,NA,NA,NA,NA,NA,11,11,NA,NA,NA,NA,NA,NA,NA,4.5,1.3,3.2,2.9,11
"1059",112,186,32,NA,NA,NA,NA,NA,31,32,NA,NA,NA,NA,NA,NA,NA,13,4,5.7,7.1,31.5
"1063",112,192,32,NA,NA,NA,NA,NA,33,37,NA,NA,NA,NA,NA,NA,NA,17,4,7.9,4.3,35
"1064",112,193,32,NA,NA,NA,NA,NA,13,13,NA,NA,NA,NA,NA,NA,NA,5.5,1,4.2,3.2,13
"1065",112,194,32,NA,NA,NA,NA,NA,25,25,NA,NA,NA,NA,NA,NA,NA,6,0.5,4.1,4,25
"1066",112,195,32,NA,NA,NA,NA,NA,67,67,NA,NA,NA,NA,NA,NA,NA,12.5,4.5,6.2,7.5,67
"1067",112,196,32,NA,NA,NA,NA,NA,24,26,NA,NA,NA,NA,NA,NA,NA,9,4.5,4.5,3.8,25
"1068",112,198,32,NA,NA,NA,NA,NA,13,11,NA,NA,NA,NA,NA,NA,NA,5.5,1.5,3,2.8,12
"1069",112,200,32,NA,NA,NA,NA,NA,72,72,NA,NA,NA,NA,NA,NA,NA,9.5,4,6.9,5,72
"1070",112,200,32,NA,NA,NA,NA,NA,18,18,NA,NA,NA,NA,NA,NA,NA,6,3.5,2.7,3.1,18
"1071",112,201,32,NA,NA,NA,NA,NA,17,17,NA,NA,NA,NA,NA,NA,NA,5,1,3.9,3.7,17
"1072",112,205,32,NA,NA,NA,NA,NA,9,9,NA,NA,NA,NA,NA,NA,NA,4.5,1,4.2,3.6,9
"1074",112,212,32,NA,NA,NA,NA,NA,15,14,NA,NA,NA,NA,NA,NA,NA,6,1.8,3.8,4.5,14.5
"1077",112,229,32,NA,NA,NA,NA,NA,12,12,NA,NA,NA,NA,NA,NA,NA,7,3,2.4,2.6,12
"1079",112,241,32,NA,NA,NA,NA,NA,15,15,NA,NA,NA,NA,NA,NA,NA,7.5,1.7,4.8,3,15
"1080",112,241,32,NA,NA,NA,NA,NA,13,13,NA,NA,NA,NA,NA,NA,NA,8,1.5,2.6,2.2,13
"1082",112,243,32,NA,NA,NA,NA,NA,18,18,NA,NA,NA,NA,NA,NA,NA,8.5,4,3.6,3.7,18
"1084",112,251,32,NA,NA,NA,NA,NA,60,55,NA,NA,NA,NA,NA,NA,NA,8.5,2.5,9.6,9,57.5
"1085",112,253,32,NA,NA,NA,NA,NA,44,61,NA,NA,NA,NA,NA,NA,NA,6.5,2,5.7,6.5,52.5
"1086",112,253,32,NA,NA,NA,NA,NA,13,12,NA,NA,NA,NA,NA,NA,NA,4,1,3.6,3.7,12.5
"1087",112,255,32,NA,NA,NA,NA,NA,28,26,NA,NA,NA,NA,NA,NA,NA,6.5,3,4.8,3.9,27
"1088",112,259,32,NA,NA,NA,NA,NA,40,39,NA,NA,NA,NA,NA,NA,NA,8,2,6.1,7,39.5
"1089",112,270,32,NA,NA,NA,NA,NA,9,9,NA,NA,NA,NA,NA,NA,NA,3,0.5,3.3,3.1,9
"1090",112,273,32,NA,NA,NA,NA,NA,9,9,NA,NA,NA,NA,NA,NA,NA,2,0.5,4,3.6,9
"1091",112,275,32,NA,NA,NA,NA,NA,59,70,NA,NA,NA,NA,NA,NA,NA,10,3,8.9,8.1,64.5
"1092",112,277,32,NA,NA,NA,NA,NA,30,29,NA,NA,NA,NA,NA,NA,NA,3,1.4,4.9,5.7,29.5
"1093",112,278,32,NA,NA,NA,NA,NA,10,10,NA,NA,NA,NA,NA,NA,NA,5,1.5,3.4,3.1,10
"1094",112,281,32,NA,NA,NA,NA,NA,13,14,NA,NA,NA,NA,NA,NA,NA,7.5,1,3.5,3.4,13.5
"1096",112,282,32,NA,NA,NA,NA,NA,11,10,NA,NA,NA,NA,NA,NA,NA,4,NA,2.7,2.9,10.5
"1097",112,285,32,NA,NA,NA,NA,NA,22,21,NA,NA,NA,NA,NA,NA,NA,6.5,1.8,5.5,4.9,21.5
"1098",112,287,32,NA,NA,NA,NA,NA,30,31,NA,NA,NA,NA,NA,NA,NA,5,1,6.4,4.4,30.5
"1099",112,293,32,NA,NA,NA,NA,NA,47,45,NA,NA,NA,NA,NA,NA,NA,10,2,5.7,7.5,46
"1100",112,293,32,NA,NA,NA,NA,NA,18,20,NA,NA,NA,NA,NA,NA,NA,6,1,7.2,5.5,19
"1101",112,294,32,NA,NA,NA,NA,NA,17,17,NA,NA,NA,NA,NA,NA,NA,6,NA,4.2,4.5,17
"1102",112,296,32,NA,NA,NA,NA,NA,15,15,15,15,NA,NA,NA,15,15,5.5,1.6,3.9,4.3,15
"1103",112,299,32,NA,NA,NA,NA,NA,22,22,NA,NA,NA,NA,NA,NA,NA,5,0.5,4.4,4.2,22
"1105",112,303,32,NA,NA,NA,NA,NA,12,12,NA,NA,NA,NA,NA,NA,NA,4,1.7,3.5,3.7,12
"1106",112,303,32,NA,NA,NA,NA,NA,14,14,NA,NA,NA,NA,NA,NA,NA,7.5,3.5,4.6,3.9,14
"1108",112,327,32,NA,NA,NA,NA,NA,22,22,NA,NA,NA,NA,NA,NA,NA,11,3,5.7,3.7,22
"1110",112,337,32,NA,NA,NA,NA,NA,15,15,NA,NA,NA,NA,NA,NA,NA,5.5,1,3.7,3.1,15
"1111",112,337,32,NA,NA,NA,NA,NA,15,14,NA,NA,NA,NA,NA,NA,NA,6,0.7,3.8,2.9,14.5
"1112",112,338,32,NA,NA,NA,NA,NA,18,17,NA,NA,NA,NA,NA,NA,NA,3.5,NA,3.8,4.2,17.5
"1113",112,340,32,NA,NA,NA,NA,NA,10,10,NA,NA,NA,NA,NA,NA,NA,3.5,1.5,2.8,2,10
"1114",112,342,32,NA,NA,NA,NA,NA,58,55,NA,NA,NA,NA,NA,NA,NA,10,1.5,9,9.3,56.5
"1115",112,342,32,NA,NA,NA,NA,NA,13,14,NA,NA,NA,NA,NA,NA,NA,3.5,NA,3.5,2.7,13.5
"1116",112,348,32,NA,NA,NA,NA,NA,33,34,NA,NA,NA,NA,NA,NA,NA,10,4,6,5.6,33.5
"1117",112,359,32,NA,NA,NA,NA,NA,22,21,NA,NA,NA,NA,NA,NA,NA,6.5,0.5,4.6,4.9,21.5
"1118",112,363,32,NA,NA,NA,NA,NA,13,12,NA,NA,NA,NA,NA,NA,NA,2,0.5,2.5,2.5,12.5
"1119",112,368,32,NA,NA,NA,NA,NA,17,17,NA,NA,NA,NA,NA,NA,NA,7.5,1.8,3.6,3.1,17
"1120",112,368,32,NA,NA,NA,NA,NA,11,11,NA,NA,NA,NA,NA,NA,NA,5.5,1.3,2.8,2.5,11
"1121",112,372,32,NA,NA,NA,NA,NA,24,23,NA,NA,NA,NA,NA,NA,NA,8.5,3,4.7,5.1,23.5
"1122",112,372,32,NA,NA,NA,NA,NA,60,56,NA,NA,NA,NA,NA,NA,NA,9,3.5,6.9,6.3,58
"1123",112,376,32,NA,NA,NA,NA,NA,17,17,NA,NA,NA,NA,NA,NA,NA,6,NA,4.1,4.2,17
"1124",112,379,32,NA,NA,NA,NA,NA,10,10,NA,NA,NA,NA,NA,NA,NA,2,NA,2.3,2.2,10
"1125",112,380,32,NA,NA,NA,NA,NA,12,12,NA,NA,NA,NA,NA,NA,NA,3.5,NA,3.8,4.4,12
"1126",112,385,32,NA,NA,NA,NA,NA,17,16,NA,NA,NA,NA,NA,NA,NA,5.5,1.5,4.9,4.1,16.5
"1127",112,387,32,NA,NA,NA,NA,NA,10,10,NA,NA,NA,NA,NA,NA,NA,4.5,NA,2.3,2.5,10
"1128",112,397,32,NA,NA,NA,NA,NA,15,15,NA,NA,NA,NA,NA,NA,NA,7,1,4.1,5.1,15
"1129",112,170,32,NA,NA,NA,NA,NA,19,18,NA,NA,NA,NA,NA,NA,NA,7.5,NA,5.2,3.6,18.5
"1130",112,177,32,NA,NA,NA,NA,NA,11,10,NA,NA,NA,NA,NA,NA,NA,3.5,1,5,5.2,10.5
"1131",112,177,32,NA,NA,NA,NA,NA,47,55,NA,NA,NA,NA,NA,NA,NA,11.5,3,8.5,7.6,51
"1132",112,177,32,NA,NA,NA,NA,NA,15,15,NA,NA,NA,NA,NA,NA,NA,9.5,4.5,2.2,3.8,15
"1133",112,406,32,NA,NA,NA,NA,NA,13,13,NA,NA,NA,NA,NA,NA,NA,3.5,2,2,1.9,13
"1135",112,181,32,NA,NA,NA,NA,NA,16,16,NA,NA,NA,NA,NA,NA,NA,6.5,0.5,3.7,3.1,16
"1136",112,219,32,NA,NA,NA,NA,NA,17,16,NA,NA,NA,NA,NA,NA,NA,4.5,0.5,3.2,4.2,16.5
"1137",112,401,32,NA,NA,NA,NA,NA,8,8,NA,NA,NA,NA,NA,NA,NA,4,1.5,2.3,2.6,8
"1138",112,403,32,NA,NA,NA,NA,NA,16,16,NA,NA,NA,NA,NA,NA,NA,5.5,0.2,3,4.7,16
"1139",112,404,32,NA,NA,NA,NA,NA,11,10,NA,NA,NA,NA,NA,NA,NA,4,NA,3.5,3.4,10.5
"1140",112,413,32,NA,NA,NA,NA,NA,11,12,NA,NA,NA,NA,NA,NA,NA,12,NA,2.9,1.9,11.5
"1141",112,434,32,NA,NA,NA,NA,NA,14,14,NA,NA,NA,NA,NA,NA,NA,4.5,0.8,4.8,5.4,14
"1142",112,450,32,NA,NA,NA,NA,NA,13,12,NA,NA,NA,NA,NA,NA,NA,5.5,2.5,3.1,4.8,12.5
"1143",112,450,32,NA,NA,NA,NA,NA,18,19,NA,NA,NA,NA,NA,NA,NA,9,3,4.2,4.6,18.5
"1144",112,451,32,NA,NA,NA,NA,NA,15,15,NA,NA,NA,NA,NA,NA,NA,5,1.3,3.4,3.7,15
"1145",112,451,32,NA,NA,NA,NA,NA,18,19,NA,NA,NA,NA,NA,NA,NA,6,1.8,4.4,3.9,18.5
"1146",112,453,32,NA,NA,NA,NA,NA,13,13,NA,NA,NA,NA,NA,NA,NA,3,1,3.5,3.4,13
"1147",112,453,32,NA,NA,NA,NA,NA,11,11,NA,NA,NA,NA,NA,NA,NA,3.5,1.2,3.3,3.2,11
"1148",112,457,32,NA,NA,NA,NA,NA,14,15,NA,NA,NA,NA,NA,NA,NA,4.5,0.5,2.9,3.2,14.5
"1149",112,457,32,NA,NA,NA,NA,NA,12,12,NA,NA,NA,NA,NA,NA,NA,4.5,0.5,3.8,2.5,12
"1150",112,460,32,NA,NA,NA,NA,NA,17,17,NA,NA,NA,NA,NA,NA,NA,6.5,1.5,3.8,3.8,17
"1151",112,461,32,NA,NA,NA,NA,NA,21,20,NA,NA,NA,NA,NA,NA,NA,10,2,4.5,4.5,20.5
"1152",112,464,32,NA,NA,NA,NA,NA,12,12,NA,NA,NA,NA,NA,NA,NA,6.5,3.2,2.9,3.1,12
"1153",112,466,32,NA,NA,NA,NA,NA,14,14,NA,NA,NA,NA,NA,NA,NA,6.5,3,2.6,1.9,14
"1191",112,410,32,NA,NA,NA,NA,NA,17,18,NA,NA,NA,NA,NA,NA,NA,7,5,3.5,5.1,17.5
"1194",112,468,32,NA,NA,NA,NA,NA,8,8,NA,NA,NA,NA,NA,NA,NA,2.5,NA,2.3,2.6,8
"1214",112,120,32,NA,NA,NA,NA,NA,11,11,NA,NA,NA,NA,NA,NA,NA,6.5,0.7,4,4.3,11
"1218",112,135,32,NA,NA,NA,NA,NA,24,24,NA,NA,NA,NA,NA,NA,NA,8,0.5,6.4,6.9,24
"1221",112,145,32,NA,NA,NA,NA,NA,8,8,NA,NA,NA,NA,NA,NA,NA,4.5,0,3.4,3.3,8
"1222",112,415,32,NA,NA,NA,NA,NA,23,23,NA,NA,NA,NA,NA,NA,NA,6.5,1,5.9,5.2,23
"1223",112,416,32,NA,NA,NA,NA,NA,22,23,NA,NA,NA,NA,NA,NA,NA,9,NA,4.6,4.3,22.5
"1224",112,430,32,NA,NA,NA,NA,NA,28,27,NA,NA,NA,NA,NA,NA,NA,9,0,4.5,5.9,27.5
"1225",112,431,32,NA,NA,NA,NA,NA,13,13,NA,NA,NA,NA,NA,NA,NA,5.5,2,3.5,3.1,13
"1226",112,432,32,NA,NA,NA,NA,NA,11,11,NA,NA,NA,NA,NA,NA,NA,4.5,1.8,2.8,3.6,11
"1227",112,433,32,NA,NA,NA,NA,NA,26,28,NA,NA,NA,NA,NA,NA,NA,14.5,3,4.2,4.5,27
"1228",112,447,32,NA,NA,NA,NA,NA,12,12,NA,NA,NA,NA,NA,NA,NA,5.5,3,3.1,3.6,12
"1229",112,454,32,NA,NA,NA,NA,NA,38,30,NA,NA,NA,NA,NA,NA,NA,8.5,3,5.1,5,34
"1230",112,462,32,NA,NA,NA,NA,NA,11,11,NA,NA,NA,NA,NA,NA,NA,5.5,3.5,1.9,2,11
"1237",112,171,32,NA,NA,NA,NA,NA,36,25,NA,NA,NA,NA,NA,NA,NA,8.5,3,5.8,5.5,30.5
"1240",112,180,32,NA,NA,NA,NA,NA,8,8,NA,NA,NA,NA,NA,NA,NA,4.5,0.5,3.4,3.5,8
"1243",112,186,32,NA,NA,NA,NA,NA,21,19,NA,NA,NA,NA,NA,NA,NA,7,1.5,3.7,4.2,20
"1244",112,188,32,NA,NA,NA,NA,NA,26,27,NA,NA,NA,NA,NA,NA,NA,7.5,2.5,4.9,4.6,26.5
"1245",112,189,32,NA,NA,NA,NA,NA,21,21,NA,NA,NA,NA,NA,NA,NA,8,0.2,3.1,2.9,21
"1246",112,189,32,NA,NA,NA,NA,NA,18,18,NA,NA,NA,NA,NA,NA,NA,10,0.4,2.5,2.5,18
"1248",112,193,32,NA,NA,NA,NA,NA,10,10,NA,NA,NA,NA,NA,NA,NA,5.5,2,2.8,3.7,10
"1249",112,194,32,NA,NA,NA,NA,NA,14,14,NA,NA,NA,NA,NA,NA,NA,7,0.5,6.3,4.5,14
"1250",112,194,32,NA,NA,NA,NA,NA,18,18,NA,NA,NA,NA,NA,NA,NA,8.5,3,4.3,4.6,18
"1251",112,196,32,NA,NA,NA,NA,NA,28,30,NA,NA,NA,NA,NA,NA,NA,9.5,2,8.8,4.4,29
"1252",112,196,32,NA,NA,NA,NA,NA,16,17,NA,NA,NA,NA,NA,NA,NA,8.5,5,3.8,4.7,16.5
"1254",112,197,32,NA,NA,NA,NA,NA,39,37,NA,NA,NA,NA,NA,NA,NA,8.5,1,7.1,6.3,38
"1255",112,201,32,NA,NA,NA,NA,NA,8,8,NA,NA,NA,NA,NA,NA,NA,3.5,1,2.3,2.4,8
"1257",112,208,32,NA,NA,NA,NA,NA,45,43,NA,NA,NA,NA,NA,NA,NA,7.5,2,6.7,2.2,44
"1258",112,216,32,NA,NA,NA,NA,NA,11,10,NA,NA,NA,NA,NA,NA,NA,6.5,1.5,2.8,2.8,10.5
"1259",112,216,32,NA,NA,NA,NA,NA,70,70,NA,NA,NA,NA,NA,NA,NA,12.5,7,7.1,8.2,70
"1260",112,217,32,NA,NA,NA,NA,NA,8,8,NA,NA,NA,NA,NA,NA,NA,3.5,NA,1.4,2.6,8
"1262",112,221,32,NA,NA,NA,NA,NA,11,11,NA,NA,NA,NA,NA,NA,NA,4,0.5,2.8,2.5,11
"1264",112,224,32,NA,NA,NA,NA,NA,19,19,NA,NA,NA,NA,NA,NA,NA,12,0.5,3.3,2.9,19
"1265",112,227,32,NA,NA,NA,NA,NA,11,11,NA,NA,NA,NA,NA,NA,NA,5.5,1.5,2.9,3.3,11
"1267",112,233,32,NA,NA,NA,NA,NA,10,10,NA,NA,NA,NA,NA,NA,NA,5.5,3,2.3,2.5,10
"1269",112,237,32,NA,NA,NA,NA,NA,8,8,NA,NA,NA,NA,NA,NA,NA,2,1,2.1,1.6,8
"1271",112,241,32,NA,NA,NA,NA,NA,9,9,NA,NA,NA,NA,NA,NA,NA,6.5,2.5,2,2,9
"1273",112,249,32,NA,NA,NA,NA,NA,17,16,NA,NA,NA,NA,NA,NA,NA,3.5,0,1.5,1.9,16.5
"1274",112,249,32,NA,NA,NA,NA,NA,27,26,NA,NA,NA,NA,NA,NA,NA,3,0,4.1,4.7,26.5
"1275",112,250,32,NA,NA,NA,NA,NA,12,13,NA,NA,NA,NA,NA,NA,NA,4,NA,3.4,3.3,12.5
"1276",112,252,32,NA,NA,NA,NA,NA,11,11,NA,NA,NA,NA,NA,NA,NA,5.5,0,1.9,2.6,11
"1277",112,260,32,NA,NA,NA,NA,NA,9,9,NA,NA,NA,NA,NA,NA,NA,4.5,0.2,3.5,3.1,9
"1278",112,261,32,NA,NA,NA,NA,NA,15,13,NA,NA,NA,NA,NA,NA,NA,6.5,0.7,3.6,3.4,14
"1279",112,265,32,NA,NA,NA,NA,NA,14,14,NA,NA,NA,NA,NA,NA,NA,6.5,2,4.7,3.7,14
"1280",112,275,32,NA,NA,NA,NA,NA,46,45,NA,NA,NA,NA,NA,NA,NA,10.5,3,8.1,5.9,45.5
"1281",112,279,32,NA,NA,NA,NA,NA,8,8,NA,NA,NA,NA,NA,NA,NA,3,1,2.6,3.1,8
"1282",112,280,32,NA,NA,NA,NA,NA,25,24,NA,NA,NA,NA,NA,NA,NA,5.5,NA,5.3,5.9,24.5
"1286",112,285,32,NA,NA,NA,NA,NA,11,11,NA,NA,NA,NA,NA,NA,NA,4.5,1.5,2.6,3.1,11
"1287",112,291,32,NA,NA,NA,NA,NA,30,29,NA,NA,NA,NA,NA,NA,NA,9,2.5,4.3,4.9,29.5
"1288",112,291,32,NA,NA,NA,NA,NA,43,43,NA,NA,NA,NA,NA,NA,NA,7.5,2,7.3,6.6,43
"1289",112,294,32,NA,NA,NA,NA,NA,8,9,NA,NA,NA,NA,NA,NA,NA,3.5,0.5,2.6,2.5,8.5
"1291",112,297,32,NA,NA,NA,NA,NA,9,9,NA,NA,NA,NA,NA,NA,NA,4,NA,2.8,3.2,9
"1292",112,298,32,NA,NA,NA,NA,NA,30,28,NA,NA,NA,NA,NA,NA,NA,5.5,NA,6.5,4.4,29
"1293",112,299,32,NA,NA,NA,NA,NA,14,13,NA,NA,NA,NA,NA,NA,NA,4,1,2.9,2.7,13.5
"1295",112,305,32,NA,NA,NA,NA,NA,20,19,NA,NA,NA,NA,NA,NA,NA,11,2.5,5.9,3.2,19.5
"1296",112,306,32,NA,NA,NA,NA,NA,34,43,NA,NA,NA,NA,NA,NA,NA,8.5,1.5,6.4,6.7,38.5
"1297",112,311,32,NA,NA,NA,NA,NA,51,45,NA,NA,NA,NA,NA,NA,NA,7,2.5,6,6.1,48
"1298",112,314,32,NA,NA,NA,NA,NA,11,11,NA,NA,NA,NA,NA,NA,NA,4,0.1,3.5,4.1,11
"1299",112,315,32,NA,NA,NA,NA,NA,27,28,NA,NA,NA,NA,NA,NA,NA,6.5,0.4,5.1,3.6,27.5
"1300",112,319,32,NA,NA,NA,NA,NA,8,8,NA,NA,NA,NA,NA,NA,NA,3,NA,2.3,2.9,8
"1301",112,320,32,NA,NA,NA,NA,NA,16,14,NA,NA,NA,NA,NA,NA,NA,4.5,0.5,3.7,3.5,15
"1302",112,320,32,NA,NA,NA,NA,NA,9,9,NA,NA,NA,NA,NA,NA,NA,3,NA,3.1,2.9,9
"1303",112,321,32,NA,NA,NA,NA,NA,35,37,NA,NA,NA,NA,NA,NA,NA,8.5,3,5.4,7,36
"1304",112,322,32,NA,NA,NA,NA,NA,14,15,NA,NA,NA,NA,NA,NA,NA,6,1.5,3.5,3.5,14.5
"1305",112,327,32,NA,NA,NA,NA,NA,14,12,NA,NA,NA,NA,NA,NA,NA,5.5,1.6,2.7,2.9,13
"1306",112,340,32,NA,NA,NA,NA,NA,13,14,NA,NA,NA,NA,NA,NA,NA,4.5,2.5,3.1,3.5,13.5
"1307",112,341,32,NA,NA,NA,NA,NA,49,44,NA,NA,NA,NA,NA,NA,NA,8.5,1,6.4,5.5,46.5
"1308",112,346,32,NA,NA,NA,NA,NA,10,10,NA,NA,NA,NA,NA,NA,NA,4,0,2.8,3.6,10
"1312",112,362,32,NA,NA,NA,NA,NA,8,8,NA,NA,NA,NA,NA,NA,NA,4,1,2,1.9,8
"1313",112,365,32,NA,NA,NA,NA,NA,12,11,NA,NA,NA,NA,NA,NA,NA,5,NA,3.1,3.3,11.5
"1314",112,367,32,NA,NA,NA,NA,NA,29,26,NA,NA,NA,NA,NA,NA,NA,10,6,5.9,3.8,27.5
"1315",112,368,32,NA,NA,NA,NA,NA,15,15,NA,NA,NA,NA,NA,NA,NA,8,2,3.8,3.9,15
"1316",112,369,32,NA,NA,NA,NA,NA,29,28,NA,NA,NA,NA,NA,NA,NA,7,2.2,3.5,3.7,28.5
"1317",112,373,32,NA,NA,NA,NA,NA,9,9,NA,NA,NA,NA,NA,NA,NA,3,0.5,2.7,2.3,9
"1318",112,386,32,NA,NA,NA,NA,NA,52,50,NA,NA,NA,NA,NA,NA,NA,14,3,6,6.3,51
"1319",112,386,32,NA,NA,NA,NA,NA,15,15,NA,NA,NA,NA,NA,NA,NA,4,1,3.8,3.3,15
"1320",112,387,32,NA,NA,NA,NA,NA,8,8,NA,NA,NA,NA,NA,NA,NA,4.5,NA,2.4,1.7,8
"1321",112,395,32,NA,NA,NA,NA,NA,18,19,NA,NA,NA,NA,NA,NA,NA,7,1,4.7,4,18.5
"1322",112,395,32,NA,NA,NA,NA,NA,20,20,NA,NA,NA,NA,NA,NA,NA,5.5,NA,5,4.5,20
"1323",112,397,32,NA,NA,NA,NA,NA,17,18,NA,NA,NA,NA,NA,NA,NA,9.5,1,4.5,4.2,17.5
"1324",112,398,32,NA,NA,NA,NA,NA,17,18,NA,NA,NA,NA,NA,NA,NA,5,1.2,5.1,3.5,17.5
"1325",112,184,32,NA,NA,NA,NA,NA,44,47,NA,NA,NA,NA,NA,NA,NA,11.5,2,9.2,10.5,45.5
"1326",112,400,32,NA,NA,NA,NA,NA,26,26,NA,NA,NA,NA,NA,NA,NA,6,0.8,5.7,7.3,26
"1327",112,400,32,NA,NA,NA,NA,NA,24,22,NA,NA,NA,NA,NA,NA,NA,5.5,1,5,5.4,23
"1328",112,402,32,NA,NA,NA,NA,NA,8,8,NA,NA,NA,NA,NA,NA,NA,5.5,1.3,2.5,3,8
"1329",112,405,32,NA,NA,NA,NA,NA,13,13,NA,NA,NA,NA,NA,NA,NA,7.5,2.2,4.1,3.8,13
"1330",112,173,32,NA,NA,NA,NA,NA,19,18,NA,NA,NA,NA,NA,NA,NA,9,1.5,5.2,4.4,18.5
"1331",112,185,32,NA,NA,NA,NA,NA,29,28,NA,NA,NA,NA,NA,NA,NA,7.5,2,5.9,5.2,28.5
"1332",112,323,32,NA,NA,NA,NA,NA,23,23,NA,NA,NA,NA,NA,NA,NA,9,1.2,6.2,4.9,23
"1333",112,323,32,NA,NA,NA,NA,NA,26,24,NA,NA,NA,NA,NA,NA,NA,12,6,2.9,2.4,25
"1334",112,323,32,NA,NA,NA,NA,NA,10,9,NA,NA,NA,NA,NA,NA,NA,5,1.7,2,2.3,9.5
"1335",112,344,32,NA,NA,NA,NA,NA,27,28,NA,NA,NA,NA,NA,NA,NA,9,1.7,3.5,3.6,27.5
"1336",112,347,32,NA,NA,NA,NA,NA,12,12,NA,NA,NA,NA,NA,NA,NA,4.5,1.3,2.7,2.5,12
"1337",112,401,32,NA,NA,NA,NA,NA,18,17,NA,NA,NA,NA,NA,NA,NA,6,1,4.9,3.8,17.5
"1338",112,404,32,NA,NA,NA,NA,NA,23,20,NA,NA,NA,NA,NA,NA,NA,10,NA,6.2,5.7,21.5
"1339",112,413,32,NA,NA,NA,NA,NA,72,72,NA,NA,NA,NA,NA,NA,NA,5.5,1.1,9.2,10.2,72
"1340",112,413,32,NA,NA,NA,NA,NA,33,33,NA,NA,NA,NA,NA,NA,NA,14,4,6.1,5.4,33
"1341",112,436,32,NA,NA,NA,NA,NA,12,12,NA,NA,NA,NA,NA,NA,NA,5.5,2.5,2.9,3.9,12
"1342",112,444,32,NA,NA,NA,NA,NA,30,30,NA,NA,NA,NA,NA,NA,NA,9,2.5,5,5,30
"1343",112,446,32,NA,NA,NA,NA,NA,23,22,NA,NA,NA,NA,NA,NA,NA,10,NA,4.7,4.2,22.5
"1344",112,452,32,NA,NA,NA,NA,NA,9,9,NA,NA,NA,NA,NA,NA,NA,3,0.5,1.5,1.5,9
"1345",112,457,32,NA,NA,NA,NA,NA,8,8,NA,NA,NA,NA,NA,NA,NA,4.5,1,1.6,2.1,8
"1346",112,458,32,NA,NA,NA,NA,NA,17,19,NA,NA,NA,NA,NA,NA,NA,6.5,NA,4.1,3.4,18
"1347",112,459,32,NA,NA,NA,NA,NA,10,9,NA,NA,NA,NA,NA,NA,NA,7.5,1.5,4.4,3.2,9.5
"1348",112,460,32,NA,NA,NA,NA,NA,26,32,NA,NA,NA,NA,NA,NA,NA,7,1.2,3.4,5,29
"1349",112,461,32,NA,NA,NA,NA,NA,21,22,NA,NA,NA,NA,NA,NA,NA,9.5,4,3.7,4,21.5
"1350",112,463,32,NA,NA,NA,NA,NA,13,13,NA,NA,NA,NA,NA,NA,NA,6.5,3.5,3.9,4.4,13
"1387",112,140,32,NA,NA,NA,NA,NA,16,16,NA,NA,NA,NA,NA,NA,NA,8,5.5,6.4,5.1,16
"1394",112,423,32,NA,NA,NA,NA,NA,40,40,NA,NA,NA,NA,NA,NA,NA,11,3,5.5,5.5,40
"1395",112,438,32,NA,NA,NA,NA,NA,18,18,NA,NA,NA,NA,NA,NA,NA,7.5,0.5,3.8,4.7,18
"1396",112,439,32,NA,NA,NA,NA,NA,17,17,NA,NA,NA,NA,NA,NA,NA,8,2,4.7,4.5,17
"1397",112,439,32,NA,NA,NA,NA,NA,11,11,NA,NA,NA,NA,NA,NA,NA,4.5,1,4.1,4.2,11
"1424",112,234,32,NA,NA,NA,NA,NA,10,10,NA,NA,NA,NA,NA,NA,NA,5,0.8,4.6,2.8,10
"1425",112,416,32,NA,NA,NA,NA,NA,25,25,NA,NA,NA,NA,NA,NA,NA,8,NA,4.1,4.9,25
"1426",112,431,32,NA,NA,NA,NA,NA,11,10,NA,NA,NA,NA,NA,NA,NA,4,0.5,2.7,5.7,10.5
"1427",112,440,32,NA,NA,NA,NA,NA,28,29,NA,NA,NA,NA,NA,NA,NA,10,0.5,7.4,6.2,28.5
"1428",112,440,32,NA,NA,NA,NA,NA,20,19,NA,NA,NA,NA,NA,NA,NA,12,2,5,4.5,19.5
"1429",112,445,32,NA,NA,NA,NA,NA,18,17,NA,NA,NA,NA,NA,NA,NA,4,NA,3.7,2.8,17.5
"1430",112,447,32,NA,NA,NA,NA,NA,10,9,NA,NA,NA,NA,NA,NA,NA,6,2.8,4.4,3.9,9.5
"1431",112,462,32,NA,NA,NA,NA,NA,8,8,NA,NA,NA,NA,NA,NA,NA,5.5,2.5,2.5,2.2,8
"1432",112,462,32,NA,NA,NA,NA,NA,9,9,NA,NA,NA,NA,NA,NA,NA,3.5,1.5,4,3.6,9
"1437",112,180,32,NA,NA,NA,NA,NA,23,22,NA,NA,NA,NA,NA,NA,NA,8,NA,5.2,5.3,22.5
"1438",112,186,32,NA,NA,NA,NA,NA,16,15,NA,NA,NA,NA,NA,NA,NA,7,2,3.2,3.4,15.5
"1439",112,191,32,NA,NA,NA,NA,NA,8,8,NA,NA,NA,NA,NA,NA,NA,5.5,1,2.7,2.7,8
"1440",112,192,32,NA,NA,NA,NA,NA,25,26,NA,NA,NA,NA,NA,NA,NA,17,7,6,2.6,25.5
"1442",112,194,32,NA,NA,NA,NA,NA,21,21,NA,NA,NA,NA,NA,NA,NA,7.5,0.5,4.1,5,21
"1443",112,195,32,NA,NA,NA,NA,NA,49,38,NA,NA,NA,NA,NA,NA,NA,11.5,4,6.7,4.6,43.5
"1448",112,206,32,NA,NA,NA,NA,NA,21,20,NA,NA,NA,NA,NA,NA,NA,7.5,1.5,5.8,4.3,20.5
"1449",112,207,32,NA,NA,NA,NA,NA,29,29,NA,NA,NA,NA,NA,NA,NA,10.5,2,6.3,5.8,29
"1450",112,208,32,NA,NA,NA,NA,NA,43,35,NA,NA,NA,NA,NA,NA,NA,10.5,3,5.2,6.4,39
"1451",112,213,32,NA,NA,NA,NA,NA,10,10,NA,NA,NA,NA,NA,NA,NA,4.6,0.1,3.1,3.1,10
"1452",112,217,32,NA,NA,NA,NA,NA,33,31,NA,NA,NA,NA,NA,NA,NA,7,0.5,4.5,5.6,32
"1454",112,220,32,NA,NA,NA,NA,NA,19,20,NA,NA,NA,NA,NA,NA,NA,9.5,2,2.9,3.2,19.5
"1455",112,223,32,NA,NA,NA,NA,NA,8,8,NA,NA,NA,NA,NA,NA,NA,5.5,2,4.4,3.3,8
"1456",112,229,32,NA,NA,NA,NA,NA,13,13,NA,NA,NA,NA,NA,NA,NA,6,2,2.8,3,13
"1457",112,230,32,NA,NA,NA,NA,NA,15,16,NA,NA,NA,NA,NA,NA,NA,6,1,3.2,3.6,15.5
"1458",112,235,32,NA,NA,NA,NA,NA,12,12,NA,NA,NA,NA,NA,NA,NA,5,1.5,3.5,2.1,12
"1459",112,236,32,NA,NA,NA,NA,NA,53,53,NA,NA,NA,NA,NA,NA,NA,9,0.5,7.3,7.7,53
"1464",112,250,32,NA,NA,NA,NA,NA,8,8,NA,NA,NA,NA,NA,NA,NA,3.5,NA,2.7,2.4,8
"1465",112,250,32,NA,NA,NA,NA,NA,17,18,NA,NA,NA,NA,NA,NA,NA,7.5,NA,3.4,3.1,17.5
"1466",112,252,32,NA,NA,NA,NA,NA,13,14,NA,NA,NA,NA,NA,NA,NA,5,1,3.4,4.5,13.5
"1467",112,253,32,NA,NA,NA,NA,NA,24,25,NA,NA,NA,NA,NA,NA,NA,5.5,1,4,5.9,24.5
"1468",112,255,32,NA,NA,NA,NA,NA,70,70,NA,NA,NA,NA,NA,NA,NA,9,1.5,9.1,7.6,70
"1469",112,255,32,NA,NA,NA,NA,NA,31,30,NA,NA,NA,NA,NA,NA,NA,6,2.5,5.7,4.2,30.5
"1470",112,260,32,NA,NA,NA,NA,NA,9,9,NA,NA,NA,NA,NA,NA,NA,4.5,0.2,2.6,2.2,9
"1471",112,266,32,NA,NA,NA,NA,NA,41,41,NA,NA,NA,NA,NA,NA,NA,13,2,7.1,8.5,41
"1472",112,270,32,NA,NA,NA,NA,NA,14,13,NA,NA,NA,NA,NA,NA,NA,6.5,1,4,3.2,13.5
"1473",112,273,32,NA,NA,NA,NA,NA,25,24,NA,NA,NA,NA,NA,NA,NA,5,0.5,4.4,3.9,24.5
"1474",112,278,32,NA,NA,NA,NA,NA,9,9,NA,NA,NA,NA,NA,NA,NA,3.5,2,2.2,1.9,9
"1475",112,279,32,NA,NA,NA,NA,NA,18,18,NA,NA,NA,NA,NA,NA,NA,5,1,4.1,3.3,18
"1477",112,283,32,NA,NA,NA,NA,NA,31,30,NA,NA,NA,NA,NA,NA,NA,9.5,3,6,4.7,30.5
"1478",112,283,32,NA,NA,NA,NA,NA,10,10,NA,NA,NA,NA,NA,NA,NA,6.5,1.5,3.4,2.6,10
"1481",112,286,32,NA,NA,NA,NA,NA,12,12,NA,NA,NA,NA,NA,NA,NA,4.5,0.2,2.8,3.4,12
"1482",112,292,32,NA,NA,NA,NA,NA,12,12,NA,NA,NA,NA,NA,NA,NA,4,NA,3.6,3.9,12
"1483",112,295,32,NA,NA,NA,NA,NA,26,26,NA,NA,NA,NA,NA,NA,NA,12,1,3.4,4.6,26
"1484",112,297,32,NA,NA,NA,NA,NA,27,33,NA,NA,NA,NA,NA,NA,NA,4,3,3.3,3.2,30
"1485",112,298,32,NA,NA,NA,NA,NA,8,8,NA,NA,NA,NA,NA,NA,NA,3,NA,2.8,3.1,8
"1486",112,303,32,NA,NA,NA,NA,NA,19,21,NA,NA,NA,NA,NA,NA,NA,7.5,3,4.4,4.8,20
"1487",112,303,32,NA,NA,NA,NA,NA,13,13,NA,NA,NA,NA,NA,NA,NA,5.5,1,4.7,3.9,13
"1488",112,311,32,NA,NA,NA,NA,NA,19,18,NA,NA,NA,NA,NA,NA,NA,3.5,NA,4,4.1,18.5
"1489",112,320,32,NA,NA,NA,NA,NA,12,12,NA,NA,NA,NA,NA,NA,NA,3.5,1,3.5,3.3,12
"1490",112,322,32,NA,NA,NA,NA,NA,17,16,NA,NA,NA,NA,NA,NA,NA,5.5,2,4.1,3.1,16.5
"1491",112,322,32,NA,NA,NA,NA,NA,13,13,NA,NA,NA,NA,NA,NA,NA,5,0.5,2.8,2.4,13
"1492",112,322,32,NA,NA,NA,NA,NA,11,11,NA,NA,NA,NA,NA,NA,NA,6,1.5,3.8,3.3,11
"1494",112,332,32,NA,NA,NA,NA,NA,15,14,NA,NA,NA,NA,NA,NA,NA,6,NA,4.1,3.9,14.5
"1495",112,337,32,NA,NA,NA,NA,NA,50,47,NA,NA,NA,NA,NA,NA,NA,10,1.8,7.5,9,48.5
"1496",112,338,32,NA,NA,NA,NA,NA,21,24,NA,NA,NA,NA,NA,NA,NA,5,NA,3.8,4.4,22.5
"1497",112,340,32,NA,NA,NA,NA,NA,13,14,NA,NA,NA,NA,NA,NA,NA,3.5,NA,2.9,3,13.5
"1498",112,341,32,NA,NA,NA,NA,NA,21,23,NA,NA,NA,NA,NA,NA,NA,3,1.4,3.5,6.1,22
"1499",112,353,32,NA,NA,NA,NA,NA,36,35,NA,NA,NA,NA,NA,NA,NA,9.5,1,5.6,6.1,35.5
"1500",112,354,32,NA,NA,NA,NA,NA,38,37,NA,NA,NA,NA,NA,NA,NA,8.5,NA,6.4,7.5,37.5
"1501",112,356,32,NA,NA,NA,NA,NA,17,19,NA,NA,NA,NA,NA,NA,NA,5.5,NA,4.2,5.4,18
"1502",112,361,32,NA,NA,NA,NA,NA,12,13,NA,NA,NA,NA,NA,NA,NA,3.5,0.5,2.6,2.5,12.5
"1503",112,362,32,NA,NA,NA,NA,NA,10,9,NA,NA,NA,NA,NA,NA,NA,4,NA,2.4,2,9.5
"1504",112,363,32,NA,NA,NA,NA,NA,10,10,NA,NA,NA,NA,NA,NA,NA,2,NA,2.1,1.9,10
"1505",112,363,32,NA,NA,NA,NA,NA,14,15,NA,NA,NA,NA,NA,NA,NA,2.5,2,1.8,2,14.5
"1506",112,367,32,NA,NA,NA,NA,NA,37,37,NA,NA,NA,NA,NA,NA,NA,7.5,2,4.6,3.8,37
"1508",112,372,32,NA,NA,NA,NA,NA,11,11,NA,NA,NA,NA,NA,NA,NA,7.5,2.3,3.7,3.8,11
"1509",112,382,32,NA,NA,NA,NA,NA,17,18,NA,NA,NA,NA,NA,NA,NA,3.5,1.3,3.5,4.6,17.5
"1510",112,384,32,NA,NA,NA,NA,NA,73,73,NA,NA,NA,NA,NA,NA,NA,13,3.5,9.4,9.3,73
"1511",112,391,32,NA,NA,NA,NA,NA,18,16,NA,NA,NA,NA,NA,NA,NA,7,NA,2.5,3.4,17
"1512",112,398,32,NA,NA,NA,NA,NA,9,8,NA,NA,NA,NA,NA,NA,NA,3.5,NA,3.1,3,8.5
"1513",112,176,32,NA,NA,NA,NA,NA,8,8,NA,NA,NA,NA,NA,NA,NA,3.5,0.5,3.1,3,8
"1514",112,184,32,NA,NA,NA,NA,NA,25,26,NA,NA,NA,NA,NA,NA,NA,3.5,1,8.3,7.6,25.5
"1515",112,402,32,NA,NA,NA,NA,NA,22,22,NA,NA,NA,NA,NA,NA,NA,5.5,1.5,4.4,4.6,22
"1516",112,405,32,NA,NA,NA,NA,NA,17,17,NA,NA,NA,NA,NA,NA,NA,10,2.5,3.8,4.6,17
"1517",112,406,32,NA,NA,NA,NA,NA,18,18,NA,NA,NA,NA,NA,NA,NA,7.5,1.7,2.6,3,18
"1518",112,407,32,NA,NA,NA,NA,NA,15,15,NA,NA,NA,NA,NA,NA,NA,6,2,3.8,4.5,15
"1522",112,185,32,NA,NA,NA,NA,NA,37,31,NA,NA,NA,NA,NA,NA,NA,10,2,7.9,8.2,34
"1524",112,302,32,NA,NA,NA,NA,NA,14,15,NA,NA,NA,NA,NA,NA,NA,5.5,1.3,3.4,3.9,14.5
"1525",112,302,32,NA,NA,NA,NA,NA,17,16,NA,NA,NA,NA,NA,NA,NA,6,1,3.7,3.8,16.5
"1526",112,302,32,NA,NA,NA,NA,NA,50,48,NA,NA,NA,NA,NA,NA,NA,11,1.5,7.2,8.4,49
"1527",112,350,32,NA,NA,NA,NA,NA,19,18,NA,NA,NA,NA,NA,NA,NA,8.5,0.5,2.6,4.9,18.5
"1529",112,375,32,NA,NA,NA,NA,NA,20,20,NA,NA,NA,NA,NA,NA,NA,8.5,0.5,2.5,3.1,20
"1530",112,403,32,NA,NA,NA,NA,NA,11,11,NA,NA,NA,NA,NA,NA,NA,7.5,0.6,2.1,3.3,11
"1531",112,403,32,NA,NA,NA,NA,NA,20,22,NA,NA,NA,NA,NA,NA,NA,5,NA,4.9,5,21
"1532",112,437,32,NA,NA,NA,NA,NA,15,14,NA,NA,NA,NA,NA,NA,NA,7,4,2.2,2,14.5
"1533",112,437,32,NA,NA,NA,NA,NA,13,14,NA,NA,NA,NA,NA,NA,NA,6,0.5,4,3.7,13.5
"1534",112,446,32,NA,NA,NA,NA,NA,17,16,NA,NA,NA,NA,NA,NA,NA,7,NA,4.4,2.6,16.5
"1535",112,446,32,NA,NA,NA,NA,NA,18,19,NA,NA,NA,NA,NA,NA,NA,12,NA,4.5,2.9,18.5
"1536",112,451,32,NA,NA,NA,NA,NA,12,11,NA,NA,NA,NA,NA,NA,NA,5.5,1.8,2.1,2.2,11.5
"1537",112,451,32,NA,NA,NA,NA,NA,12,12,NA,NA,NA,NA,NA,NA,NA,5,2,2.4,2.6,12
"1538",112,461,32,NA,NA,NA,NA,NA,12,11,NA,NA,NA,NA,NA,NA,NA,7,1.8,3.1,2.8,11.5
"1539",112,417,32,NA,NA,NA,NA,NA,12,12,NA,NA,NA,NA,NA,NA,NA,6.5,4,4.9,5.3,12
